date,pscis_crossing_id,my_crossing_reference,crew_members,utm_zone,easting,northing,stream_name,road_name,road_km_mark,road_tenure,crossing_subtype,diameter_or_span_meters,length_or_width_meters,continuous_embeddedment_yes_no,average_depth_embededdment_meters,resemble_channel_yes_no,backwatered_yes_no,percentage_backwatered,fill_depth_meters,outlet_drop_meters,outlet_pool_depth_0_01m,inlet_drop_yes_no,culvert_slope_percent,downstream_channel_width_meters,stream_slope,beaver_activity_yes_no,fish_observed_yes_no,valley_fill,habitat_value,stream_width_ratio,culvert_length_score,embed_score,outlet_drop_score,culvert_slope_score,stream_width_ratio_score,final_score,barrier_result,crossing_fix,recommended_diameter_or_span_meters,assessment_comment,source,geometry,amalgamated_crossing_id,digital_road_atlas_line_id,highway_route_number,road_class,road_name_full,road_surface,trim_transportation_lines_id,ften_road_segment_line_id,forest_file_id,road_section_id,road_responsibility_type_code,retirement_date,file_status_code,file_type_code,file_type_description,client_number,client_name,life_cycle_status_code,map_label,og_road_segment_permit_id,og_petrlm_dev_rd_pre06_pub_id,track_segment_id,track_name,track_classification,use_type,gauge,status,operator_english_name,owner_name,fcode,fcode_label,crossing_id,geom_modelled_crossing,admin_area_abbreviation,map_tile_display_name,client_name_abb,my_road_tenure,misc_point_id,barriers_anthropogenic_id,stream_crossing_id,dam_id,crossing_source,crossing_type,crossing_name,barrier_status,linear_feature_id,blue_line_key,downstream_route_measure,wscode_ltree,localcode_ltree,watershed_group_code,geom,dnstr_barriers_anthropogenic,observedspp_dnstr,observedspp_upstr,stream_order,stream_magnitude,gradient,watershed_upstr_ha,total_network_km,total_stream_km,total_lakereservoir_ha,total_wetland_ha,total_slopeclass03_waterbodies_km,total_slopeclass03_km,total_slopeclass05_km,total_slopeclass08_km,total_slopeclass15_km,total_slopeclass22_km,total_slopeclass30_km,total_belowupstrbarriers_network_km,total_belowupstrbarriers_stream_km,total_belowupstrbarriers_lakereservoir_ha,total_belowupstrbarriers_wetland_ha,total_belowupstrbarriers_slopeclass03_waterbodies_km,total_belowupstrbarriers_slopeclass03_km,total_belowupstrbarriers_slopeclass05_km,total_belowupstrbarriers_slopeclass08_km,total_belowupstrbarriers_slopeclass15_km,total_belowupstrbarriers_slopeclass22_km,total_belowupstrbarriers_slopeclass30_km,salmon_network_km,salmon_stream_km,salmon_lakereservoir_ha,salmon_wetland_ha,salmon_slopeclass03_waterbodies_km,salmon_slopeclass03_km,salmon_slopeclass05_km,salmon_slopeclass08_km,salmon_slopeclass15_km,salmon_slopeclass22_km,salmon_slopeclass30_km,salmon_belowupstrbarriers_network_km,salmon_belowupstrbarriers_stream_km,salmon_belowupstrbarriers_lakereservoir_ha,salmon_belowupstrbarriers_wetland_ha,salmon_belowupstrbarriers_slopeclass03_waterbodies_km,salmon_belowupstrbarriers_slopeclass03_km,salmon_belowupstrbarriers_slopeclass05_km,salmon_belowupstrbarriers_slopeclass08_km,salmon_belowupstrbarriers_slopeclass15_km,salmon_belowupstrbarriers_slopeclass22_km,salmon_belowupstrbarriers_slopeclass30_km,steelhead_network_km,steelhead_stream_km,steelhead_lakereservoir_ha,steelhead_wetland_ha,steelhead_slopeclass03_waterbodies_km,steelhead_slopeclass03_km,steelhead_slopeclass05_km,steelhead_slopeclass08_km,steelhead_slopeclass15_km,steelhead_slopeclass22_km,steelhead_slopeclass30_km,steelhead_belowupstrbarriers_network_km,steelhead_belowupstrbarriers_stream_km,steelhead_belowupstrbarriers_lakereservoir_ha,steelhead_belowupstrbarriers_wetland_ha,steelhead_belowupstrbarriers_slopeclass03_waterbodies_km,steelhead_belowupstrbarriers_slopeclass03_km,steelhead_belowupstrbarriers_slopeclass05_km,steelhead_belowupstrbarriers_slopeclass08_km,steelhead_belowupstrbarriers_slopeclass15_km,steelhead_belowupstrbarriers_slopeclass22_km,steelhead_belowupstrbarriers_slopeclass30_km,wct_network_km,wct_stream_km,wct_lakereservoir_ha,wct_wetland_ha,wct_slopeclass03_waterbodies_km,wct_slopeclass03_km,wct_slopeclass05_km,wct_slopeclass08_km,wct_slopeclass15_km,wct_slopeclass22_km,wct_slopeclass30_km,wct_belowupstrbarriers_network_km,wct_belowupstrbarriers_stream_km,wct_belowupstrbarriers_lakereservoir_ha,wct_belowupstrbarriers_wetland_ha,wct_belowupstrbarriers_slopeclass03_waterbodies_km,wct_belowupstrbarriers_slopeclass03_km,wct_belowupstrbarriers_slopeclass05_km,wct_belowupstrbarriers_slopeclass08_km,wct_belowupstrbarriers_slopeclass15_km,wct_belowupstrbarriers_slopeclass22_km,wct_belowupstrbarriers_slopeclass30_km,distance
2020-09-01,3042,NA,"KP, AI",9,654450.999981963,6042826.9997542,Barren Creek,Barren Creek FSR,13.5,NA,Round Culvert,1,23,No,NA,No,No,NA,2,0,0.5,Yes,1.5,1,0.5,Yes,No,Deep Fill,Medium,1,3,10,0,5,3,21,Barrier,Replace Structure with Streambed Simulation CBS,5,Beaver influenced stream with lake upstream.,pscis_phase2.xlsm,"c(960319.599736941, 1056647.46499197)",3042,NA,NA,NA,NA,NA,NA,1462192,9111,02,BC,NA,HI,B40,Forest Service Road,00133887,DISTRICT MANAGER NADINA (DND),ACTIVE,9111 02 0,NA,NA,NA,NA,NA,NA,NA,NA,NA,NA,NA,NA,1804508,0101000020BD0B0000B2CE4CBF7F4E2D4102B2F0B7751F3041,MoTi,093L.114,FLNR Nadina,FLNR Nadina 9111,1,2,3042,NA,ASSESSED,ROUND,Barren,BARRIER,17076995,360869846,10892,400.431358.694148,400.431358.694148.768604,BULK,0101000020BD0B000014CB8ADA864E2D4199F87B53761F3041,NA,"{CH,CO,CT,L,RB,SST,ST}",NA,2,3,0,390.6694,5.46,4.37,0,3.7,1.08,1.7,0,1.82,0.51,0.12,0.23,4.03,2.94,0,0,1.08,1.7,0,1.24,0,0,0,0,0,0,0,0,0,0,0,0,0,0,0,0,0,0,0,0,0,0,0,0,0,5.23,4.14,0,3.7,1.08,1.7,0,1.82,0.51,0.12,0,4.02,2.93,0,0,NA,1.7,0,1.24,0,0,0,0,0,0,0,0,0,0,0,0,0,0,0,0,0,0,NA,0,0,0,0,0,0,17.560978915887617
2020-09-03,3054,NA,"KP, AI",9,664880.999453145,6052688.00067799,Johnny David Creek,North road,45,NA,Round Culvert,3,40,No,NA,No,No,NA,9.99,0.76,0.8,No,2,3.5,3.3,Yes,Yes,Deep Fill,Medium,1.2,6,10,10,5,3,34,Barrier,Replace with New Open Bottom Structure,30.97,Fill depth approximatley 12m.  Fish observed upstream of crossing.,pscis_phase2.xlsm,"c(971131.815784316, 1066082.32932769)",3054,NA,NA,NA,NA,NA,NA,1358672,7543,01,OS,NA,HI,B40,Forest Service Road,00133887,DISTRICT MANAGER NADINA (DND),ACTIVE,7543 01 0,NA,NA,NA,NA,NA,NA,NA,NA,NA,NA,NA,NA,1803558,0101000020BD0B000028062021F2A22D4113C05A7568443041,MoTi,093L.114,FLNR Nadina,FLNR Nadina 7543,2,14,3054,NA,ASSESSED,ROUND,North Road,BARRIER,17061450,360810755,835,400.431358.763808.706575,400.431358.763808.706575.030205,BULK,0101000020BD0B0000B97E94D1FCA22D41501887DD63443041,"{4705,3388}",NA,{RB},3,12,0.0346,1295.5422,24.29,19.57,0,70.68,4.72,12.41,6.54,0.62,0,0,0,2.09,2.09,0,-28.27,0.01,1.62,0.47,0,0,0,0,0,0,0,0,0,0,0,0,0,0,0,0,0,0,0,0,0,0,0,0,0,0,24.29,19.57,0,70.68,4.72,12.41,6.54,0.62,0,0,0,2.09,2.09,0,-28.27,NA,1.62,0.47,0,0,0,0,0,0,0,0,0,0,0,0,0,0,0,0,0,0,0,NA,0,0,0,0,0,0,3.0142747904200253
2020-09-01,3067,NA,"KP, AI",9,662522,6052094,Byman Creek,North Road,42,FLNR Nadina 7543,Oval Culvert,4,25,No,NA,No,No,NA,2,0.5,1,No,2,9,5,No,No,Deep Fill,High,2.2,3,10,10,5,6,34,Barrier,Replace with New Open Bottom Structure,18,No habitat confirmation conducted in 2020. Fins 2009 reports 60% gradient for 50m located 200m downstream of crossing.  Stream measuremnt estimated.,pscis_reassessments.xlsm,"c(968755.983789135, 1065587.94395861)",3067,NA,NA,NA,NA,NA,NA,1358672,7543,01,OS,NA,HI,B40,Forest Service Road,00133887,DISTRICT MANAGER NADINA (DND),ACTIVE,7543 01 0,NA,NA,NA,NA,NA,NA,NA,NA,NA,NA,NA,NA,1803577,0101000020BD0B000096DEC86F7D902D41CF7E01766E423041,MoTi,093L.114,FLNR Nadina,FLNR Nadina 7543,NA,NA,NA,NA,NA,NA,NA,NA,NA,NA,NA,NA,NA,NA,NA,NA,NA,NA,NA,NA,NA,NA,NA,NA,NA,NA,NA,NA,NA,NA,NA,NA,NA,NA,NA,NA,NA,NA,NA,NA,NA,NA,NA,NA,NA,NA,NA,NA,NA,NA,NA,NA,NA,NA,NA,NA,NA,NA,NA,NA,NA,NA,NA,NA,NA,NA,NA,NA,NA,NA,NA,NA,NA,NA,NA,NA,NA,NA,NA,NA,NA,NA,NA,NA,NA,NA,NA,NA,NA,NA,NA,NA,NA,NA,NA,NA,NA,NA,NA,NA,NA,NA,NA,NA,NA,NA,NA,NA,NA,NA,NA
2020-09-01,3139,NA,"KP, AI",9,656656.999628447,6048544.00040697,Trib to McQuarrie Creek,North Road,33.8,NA,Round Culvert,1.2,27,No,NA,No,No,NA,4,1.02,0.25,No,2,3.9,3.1,No,Yes,Deep Fill,Medium,3.2,3,10,10,5,6,34,Barrier,Replace with New Open Bottom Structure,13,Inlet plugged with small and large woody debris. Fry and juvenile fish observed upstream.,pscis_phase2.xlsm,"c(962760.862981597, 1062281.47713015)",3139,NA,NA,NA,NA,NA,NA,1358672,7543,01,OS,NA,HI,B40,Forest Service Road,00133887,DISTRICT MANAGER NADINA (DND),ACTIVE,7543 01 0,NA,NA,NA,NA,NA,NA,NA,NA,NA,NA,NA,NA,1803553,0101000020BD0B000077C2024085612D4109C818B883353041,MoTi,093L.114,FLNR Nadina,FLNR Nadina 7543,4,59,3139,NA,ASSESSED,ROUND,North Road,BARRIER,17067977,360698740,508,400.431358.732614.408992,400.431358.732614.408992,BULK,0101000020BD0B00001E8DF10885612D4169BDFB5888353041,NA,{RB},NA,3,15,0.0393,892.4382,20.78,16.46,0,22.97,4.08,3.67,6.66,1.62,3.95,0.41,0.37,NA,NA,NA,NA,NA,NA,NA,NA,NA,NA,NA,0,0,0,0,0,0,0,0,0,0,0,NA,NA,NA,NA,NA,NA,NA,NA,NA,NA,NA,19.58,15.26,0,22.97,4.08,3.67,6.66,1.62,3.12,0.41,0,NA,NA,NA,NA,NA,NA,NA,NA,NA,NA,NA,0,0,0,0,0,0,0,0,0,0,0,NA,NA,NA,NA,NA,NA,NA,NA,NA,NA,NA,6.4452620079778065
2020-09-03,58158,NA,"AI, KP",9,628044.000045808,6060526.99885642,McDowell Creek,Highway 16,NA,MoTi highway,Round Culvert,2.5,53,Yes,0.5,Yes,No,NA,4,0.36,0.45,Yes,5.5,2.5,3,No,Yes,Deep Fill,High,1,6,5,10,10,3,34,Barrier,Replace with New Open Bottom Structure,13,New culvert horizontally drilled under highway in 2017. Structure has baffles made of oured concrete and boulders.  Often deep pools up to 50cm before baffles. Baffles seem sarp and have potential to injure fish ascending?,pscis_reassessments.xlsm,"c(934757.802261983, 1075508.96374953)",58158,347112,16,highway,Hwy 16 E,paved,NA,NA,NA,NA,NA,NA,NA,NA,NA,NA,NA,NA,NA,NA,NA,NA,NA,NA,NA,NA,NA,NA,NA,NA,NA,1800275,0101000020BD0B000022A60EFDB6862C411589F1B640693041,MoTi,093L.118,NA,MoTi highway,5,1067,58158,NA,ASSESSED,ROUND,Highway 16,BARRIER,17048346,360685108,587,400.431358.427289,400.431358.427289,BULK,0101000020BD0B000063FBE943BF862C41FFE5332043693041,{1068},"{CO,RB}","{CO,RB}",3,10,0.0416,1590.9526,23.5,19.73,0,18.27,3.77,5.31,7.64,3.49,2.67,0.33,0.29,0.29,0.29,0,0,0,0,0.3,0,0,0,0,0,0,0,0,0,0,0,0,0,0,0,0,0,0,0,0,0,0,0,0,0,0,9.9,9.58,0,0,0.32,3.14,3.3,1.93,0.87,0.33,0,0.3,0.3,0,0,NA,0,0.3,0,0,0,0,0,0,0,0,0,0,0,0,0,0,0,0,0,0,0,NA,0,0,0,0,0,0,15.447576640708112
2020-09-03,58159,NA,"KP, AI",9,627643.000071568,6060448.99908467,McDowell Creek,Woodmere Nursery Road,NA,NA,Round Culvert,1,14,No,NA,No,No,NA,0.75,0.36,0.8,Yes,3,2.3,3.8,No,Yes,Deep Fill,Medium,2.3,0,10,10,10,6,36,Barrier,Replace with New Open Bottom Structure,10,Stream flows through the Woodmere Nursury from small culvert on burn pile access road to the Highway.  Electrofishing conducted.  Abundant cover available primarily as overhanging vegetation and cobbles. Upstream culvert under Highway 16 has been recently replaced by horizontal drilling.  Baffles at upstream crossing.  Coho fry captured below the Highway crossing.,pscis_phase2.xlsm,"c(934354.863885661, 1075447.90435054)",58159,990269,NA,unclassified,NA,loose,NA,NA,NA,NA,NA,NA,NA,NA,NA,NA,NA,NA,NA,NA,NA,NA,NA,NA,NA,NA,NA,NA,NA,NA,NA,1802236,0101000020BD0B000060C946BCA1832C410B9572F9F7683041,MoTi,093L.118,NA,MoTi unclassified,6,1068,58159,NA,ASSESSED,ROUND,Woodmere Nursery Road,BARRIER,17048346,360685108,132,400.431358.427289,400.431358.427289,BULK,0101000020BD0B00008080BFB6A4832C4130E849EBF7683041,NA,"{CO,RB}","{CO,RB}",3,10,0.0449,1590.9526,23.96,20.19,0,18.27,3.77,5.31,8.09,3.49,2.67,0.33,0.29,0.46,0.46,0,0,0,0,0.45,0,0,0,0,0,0,0,0,0,0,0,0,0,0,0,0,0,0,0,0,0,0,0,0,0,0,10.35,10.04,0,0,0.32,3.14,3.75,1.93,0.87,0.33,0,0.45,0.46,0,0,NA,0,0.45,0,0,0,0,0,0,0,0,0,0,0,0,0,0,0,0,0,0,0,NA,0,0,0,0,0,0,0.5071702806598165
2020-08-29,123445,NA,"KP, AI",9,627237.999298919,6061455.99891583,Tyee Creek,Highway 16,NA,NA,Round Culvert,0.9,50,No,NA,No,No,NA,8,0.9,0.42,No,3,2.8,3,No,No,Deep Fill,Medium,3.1,6,10,10,10,6,42,Barrier,Replace with New Open Bottom Structure,25,Important migration corridor to Tyee Lake.  Large outlet drop seems unliklely passabel by any life stage or species.,pscis_phase2.xlsm,"c(933994.12268266, 1076474.2260387)",123445,190104,16,highway,Hwy 16 E,paved,NA,NA,NA,NA,NA,NA,NA,NA,NA,NA,NA,NA,NA,NA,NA,NA,NA,NA,NA,NA,NA,NA,NA,NA,NA,1800114,0101000020BD0B0000FC3C34ADCA802C41E60D2483FE6C3041,MoTi,093L.118,NA,MoTi highway,7,1655,123445,NA,ASSESSED,ROUND,Highway 16,BARRIER,17047504,360761305,242,400.431358.423347,400.431358.423347,BULK,0101000020BD0B0000E1C5ABE2D0802C4170AA323AFF6C3041,NA,"{CO,CT,PCC,RB}","{BB,C,CAS,CC,CH,CM,CO,CT,GPW,LSU,MW,NSC,PCC,PK,PW,RB,RDC,RSC,SA,SK,ST,SU}",3,12,0.0095,3498.7875,31.65,21.85,372.72,9.7,8.28,4.21,2.74,4.91,10.39,0.99,0.06,0.49,0.49,0,0,0,0.49,0,0,0,0,0,0,0,0,0,0,0,0,0,0,0,0,0,0,0,0,0,0,0,0,0,0,0,20.9,13.25,0,9.7,7.65,3.92,1.91,2.64,4.77,0,0,0.49,0.49,0,0,NA,0.49,0,0,0,0,0,0,0,0,0,0,0,0,0,0,0,0,0,0,0,0,NA,0,0,0,0,0,0,5.275912812594603
2020-08-29,123446,NA,"AI, KP",9,627526.999938615,6061770.9991354,Tyee Creek,Tyee Lake Road,NA,NA,Round Culvert,1.85,21,No,NA,No,Yes,10,1.3,0,0.1,No,1.1,2.5,0.5,Yes,No,Deep Fill,Medium,1.4,3,10,0,5,6,24,Barrier,Replace with New Open Bottom Structure,10,Important migration corridor to get to Tyee Lake from Bulkley River.  Crossing does not appear to be barrier to most life stages/species at most flows.,pscis_phase2.xlsm,"c(934295.53728293, 1076777.54393854)",123446,347164,NA,local,Tyhee Lake Rd,paved,NA,NA,NA,NA,NA,NA,NA,NA,NA,NA,NA,NA,NA,NA,NA,NA,NA,NA,NA,NA,NA,NA,NA,NA,NA,1800285,0101000020BD0B00008E2C4F9B19832C41BB4F70E72B6E3041,MoTi,093L.118,NA,MoTi local,8,1656,123446,NA,ASSESSED,ROUND,Tyhee Lake Road,POTENTIAL,17047504,360761305,732,400.431358.423347,400.431358.423347,BULK,0101000020BD0B0000FE6EB16A19832C419FF5BC7F2B6E3041,{1655},"{CO,CT,PCC,RB,SA}","{BB,C,CAS,CC,CH,CM,CO,CT,GPW,LSU,MW,NSC,PCC,PK,PW,RB,RDC,RSC,SA,SK,ST,SU}",3,12,0,3498.7875,31.16,21.36,372.72,9.7,8.28,3.72,2.74,4.91,10.39,0.99,0.06,10.86,3.04,372.72,0,7.07,2.04,0.84,0.44,0.46,0,0,0,0,0,0,0,0,0,0,0,0,0,0,0,0,0,0,0,0,0,0,0,0,20.41,12.76,0,9.7,7.65,3.43,1.91,2.64,4.77,0,0,10.11,3.05,0,0,NA,2.04,0.48,0.44,0.07,0,0,0,0,0,0,0,0,0,0,0,0,0,0,0,0,0,NA,0,0,0,0,0,0,11.003963231357677
2020-08-29,123463,NA,"AI, KP",9,627570.000238617,6064562.00003607,Victor Creek,Tyee Lake Road,NA,MoTi local,Round Culvert,0.6,18,No,NA,No,Yes,30,1,0,0.3,No,3,1.8,1,No,No,Deep Fill,Medium,3,3,10,0,10,6,29,Barrier,Replace Structure with Streambed Simulation CBS,5,No habitat confirmation conducted in 2020. Newly replaced crossing.  ID# 8 21 18 01 .,pscis_reassessments.xlsm,"c(934457.212880017, 1079572.39234827)",123463,347177,NA,local,Tyhee Lake Rd,paved,NA,NA,NA,NA,NA,NA,NA,NA,NA,NA,NA,NA,NA,NA,NA,NA,NA,NA,NA,NA,NA,NA,NA,NA,NA,1800286,0101000020BD0B0000CBAB7B7C76842C4178845A5A13793041,MoTi,093L.118,NA,MoTi local,9,1670,123463,NA,ASSESSED,ROUND,Tyhee Lake Road,BARRIER,17045980,360748461,920,400.431358.423347.317856,400.431358.423347.317856,BULK,0101000020BD0B00003B9838C874842C41CB54389112793041,"{1656,1655}",NA,NA,2,3,0.0817,408.2004,6.1,5.81,0,0,0.29,0.26,0.02,1.84,2.64,0.99,0.06,2.44,2.43,0,0,0,0,0.02,0.05,1.77,0.58,0,0,0,0,0,0,0,0,0,0,0,0,0,0,0,0,0,0,0,0,0,0,0,1.8,1.8,0,0,0,0,0.02,0,1.77,0,0,1.8,1.8,0,0,NA,0,0.02,0,1.77,0,0,0,0,0,0,0,0,0,0,0,0,0,0,0,0,0,NA,0,0,0,0,0,0,2.172332049595808
2020-08-24,123794,NA,"AI, KP",9,616100.00022186,6106762.99889178,Tributary to Blunt Creek,Blunt Creek FSR,19.6,NA,Round Culvert,0.9,13,No,NA,No,No,NA,0.75,0.25,0.43,No,5,1.73,5,No,No,Deep Fill,Medium,1.9,0,10,5,10,6,31,Barrier,Replace Structure with Streambed Simulation CBS,5,Smaller stream with good flow.  Salmon points noted in adjacent stream. Recommend sampling upstream and downstream and habitat assessment of stream at associated PSCIS crossing 123785.,pscis_phase2.xlsm,"c(924825.636822494, 1122348.7519571)",123794,1135247,NA,resource,Blunt Creek FSR,loose,NA,NA,NA,NA,NA,NA,NA,NA,NA,NA,NA,NA,NA,NA,NA,NA,NA,NA,NA,NA,NA,NA,NA,NA,NA,1802384,0101000020BD0B00007B8E756543392C419F2AA1602C203141,MoTi,093M.103,NA,MoTi resource,10,1915,123794,NA,ASSESSED,ROUND,Blunt Creek FSR,BARRIER,17023990,360715283,667,400.431358.079962.441999.443832.677294.095277.187251.279058,400.431358.079962.441999.443832.677294.095277.187251.279058.161086,BULK,0101000020BD0B00005DACE4BB42392C4142ADAF142B203141,NA,NA,{DV},2,2,0.1012,90.2995,2.39,1.81,0,3.1,0.3,0,0,0.53,1.53,0,0,1.48,1.36,0,1.33,0.03,0,0,0.19,1.22,0,0,0,0,0,0,0,0,0,0,0,0,0,0,0,0,0,0,0,0,0,0,0,0,2.13,1.67,0,1.77,0.27,0,0,0.34,1.53,0,0,1.22,1.22,0,0,NA,0,0,0,1.22,0,0,0,0,0,0,0,0,0,0,0,0,0,0,0,0,0,NA,0,0,0,0,0,0,7.908733596514617
2020-08-24,123795,NA,"AI, KP",9,615759.999863672,6106891.99984096,Tributary to Blunt Creek,Blunt Creek FSR,19.3,NA,Round Culvert,0.9,15,No,NA,No,No,NA,0.75,0.17,0.05,No,1,1.42,3.7,No,No,Deep Fill,Medium,1.6,3,10,5,5,6,29,Barrier,Replace with New Open Bottom Structure,5,Smaller stream with good flow.  Salmon point (juvenile) noted upstream. Recommend sampling upstream and downstream and habitat assessment of stream at associated PSCIS crossing 123785.,pscis_phase2.xlsm,"c(924492.286875246, 1122492.54547043)",123795,1135247,NA,resource,Blunt Creek FSR,loose,NA,NA,NA,NA,NA,NA,NA,NA,NA,NA,NA,NA,NA,NA,NA,NA,NA,NA,NA,NA,NA,NA,NA,NA,NA,1802385,0101000020BD0B0000F33DD8C624372C4157735EA09C203141,MoTi,093M.103,NA,MoTi resource,11,1916,123795,NA,ASSESSED,ROUND,Blunt Creek FSR,BARRIER,17023775,360785152,484,400.431358.079962.441999.443832.677294.095277.187251.279058.161086,400.431358.079962.441999.443832.677294.095277.187251.279058.161086,BULK,0101000020BD0B0000DECA1EA7D0362C4197F5461884203141,NA,NA,{SA},1,1,0.0411,NA,1.4,1.32,0,0.33,0,0,0.73,0.59,0,0,0,NA,NA,NA,NA,NA,NA,NA,NA,NA,NA,NA,0,0,0,0,0,0,0,0,0,0,0,NA,NA,NA,NA,NA,NA,NA,NA,NA,NA,NA,1.4,1.32,0,0.33,0,0,0.73,0.59,0,0,0,NA,NA,NA,NA,NA,NA,NA,NA,NA,NA,NA,0,0,0,0,0,0,0,0,0,0,0,NA,NA,NA,NA,NA,NA,NA,NA,NA,NA,NA,63.03086405794119
2020-08-25,124487,NA,"AI, KP",9,603072.999554044,6113362.99933694,Porphyryr Creek,Highway 16,NA,NA,Round Culvert,5,99,No,NA,No,No,NA,9.99,2.5,4,Yes,4,11.2,2.8,No,Yes,Deep Fill,High,2.2,6,10,10,10,6,42,Barrier,Replace with New Open Bottom Structure,43.4,Unpassable to all life stages and species. Fill depth is approximately 35m. Salomid (50cm) observed trying to ascend to outlet of main pipe.,pscis_phase2.xlsm,"c(912123.882695413, 1129518.72291469)",124487,316974,16,highway,Hwy 16,paved,NA,NA,NA,NA,NA,NA,NA,NA,NA,NA,NA,NA,NA,NA,NA,NA,NA,NA,NA,NA,NA,NA,NA,NA,NA,1800383,0101000020BD0B00007B9FEB25F8D52B41F2C9A3BB3E3C3141,MoTi,093M.102,NA,MoTi highway,12,2346,124487,NA,ASSESSED,ROUND,Highway 16,BARRIER,17018820,360874977,188,400.431358.123856,400.431358.123856,BULK,0101000020BD0B00008F6A41FCF8D52B419A778EB93E3C3141,NA,NA,"{DV,RB}",4,110,0.0374,4352.7066,110.2,109.45,0,13.85,0.44,1.27,4.01,7.85,12.44,13.21,14.98,NA,NA,NA,NA,NA,NA,NA,NA,NA,NA,NA,0,0,0,0,0,0,0,0,0,0,0,NA,NA,NA,NA,NA,NA,NA,NA,NA,NA,NA,16.67,16.67,0,0,0,0.29,3.65,7.05,5.16,0.49,0.03,NA,NA,NA,NA,NA,NA,NA,NA,NA,NA,NA,0,0,0,0,0,0,0,0,0,0,0,NA,NA,NA,NA,NA,NA,NA,NA,NA,NA,NA,16.01353761739607
2020-08-31,124500,NA,"KP, AI",9,627551.999986065,6058696.9992515,Helps Creek,Lawson Road,NA,NA,Round Culvert,1.5,14,No,NA,No,No,NA,0.8,0,1.3,No,1,3.6,2.5,Yes,No,Deep Fill,Medium,2.4,0,10,0,5,6,21,Barrier,Replace with New Open Bottom Structure,10,Wetland type habitat upstream with stream channel containing abundant gravels downstream.,pscis_phase2.xlsm,"c(934189.607877844, 1073696.21385514)",124500,292466,NA,local,Lawson Rd,loose,NA,NA,NA,NA,NA,NA,NA,NA,NA,NA,NA,NA,NA,NA,NA,NA,NA,NA,NA,NA,NA,NA,NA,NA,NA,1800175,0101000020BD0B000090E5C5104A822C410ACAE6A22A623041,MoTi,093L.118,NA,MoTi local,13,2358,124500,NA,ASSESSED,ROUND,Walcott FSR,BARRIER,17050091,360886557,976,400.431358.430066,400.431358.430066,BULK,0101000020BD0B00008E4B185F45822C41C890EB9525623041,NA,"{CO,ST}","{CT,DV,LNC,LSU,RB}",4,24,0.0081,4140.626,58.01,52.65,4.25,134.86,4.55,6.52,7.38,11.85,17.73,4.74,3.73,26.84,22.02,4.25,131.78,4.15,4.63,3.56,3.6,6.59,2.18,0.8,0,0,0,0,0,0,0,0,0,0,0,0,0,0,0,0,0,0,0,0,0,0,36.56,34.29,4.25,66.78,2.27,6.17,7.15,9.58,10.15,1.24,0,12.52,10.31,4.25,66.78,NA,4.37,3.5,1.45,0.73,0.25,0,0,0,0,0,0,0,0,0,0,0,0,0,0,0,0,NA,0,0,0,0,0,0,12.171654927575984
2020-08-31,124501,NA,"KP, AI",9,630660.999557748,6055712.99897291,Moan Creek,Lawson Road,9.1,NA,Round Culvert,1.6,25,Yes,0.15,Yes,No,NA,1,0.3,0.7,No,6,4.5,4.5,No,No,Deep Fill,High,2.8,3,5,10,10,6,34,Barrier,Replace with New Open Bottom Structure,10,Fully embedded and baffled culvert.  Likely passable for all salmonid adults.,pscis_phase2.xlsm,"c(937160.89275324, 1070573.59173713)",124501,1415924,NA,local,Lawson Rd,loose,NA,NA,NA,NA,NA,NA,NA,NA,NA,NA,NA,NA,NA,NA,NA,NA,NA,NA,NA,NA,NA,NA,NA,NA,NA,1802796,0101000020BD0B000024DA12968F992C415CAB9B11DF553041,MoTi,093L.118,NA,MoTi local,14,2359,124501,NA,ASSESSED,CRTBOX,Walcott FSR,BARRIER,17054505,360884501,538,400.431358.450642,400.431358.450642,BULK,0101000020BD0B000071514A4F9F992C4116C63EF2E4553041,{7035},"{CT,RB}","{DV,RB}",3,10,0.0629,1488.6874,22.45,21.24,0,15.16,1.1,1.01,2.15,7.83,8.89,0.26,0.13,2.77,2.77,0,0,0,-0.01,1.48,1.3,0.01,0,0,0,0,0,0,0,0,0,0,0,0,0,0,0,0,0,0,0,0,0,0,0,0,9.22,9.22,0,0,0,0.64,1.93,4.6,1.88,0.17,0,2.78,2.78,0,0,NA,0,1.48,1.3,0,0,0,0,0,0,0,0,0,0,0,0,0,0,0,0,0,0,NA,0,0,0,0,0,0,10.975893404549538
2020-08-31,124502,NA,"KP, AI",9,632070.000526707,6054347.99839772,Tributary to Bulkley River,Lawson Road,12.5,MoTi local,Round Culvert,0.8,21,No,NA,No,No,NA,2,1.2,0.45,Yes,5,3.2,3.5,No,No,Deep Fill,Medium,4,3,10,10,10,6,39,Barrier,Replace with New Open Bottom Structure,10,No habitat confirmation conducted in 2020. Good flow.  Adjacent land owner reports that this stream consistently flows year round and that the culvert under the railway has large outlet drop. This crossing and the crossing under the railway should be followed up in the future.,pscis_reassessments.xlsm,"c(938506.94021948, 1069145.75157711)",124502,347008,NA,local,Lawson Rd,loose,NA,NA,NA,NA,NA,NA,NA,NA,NA,NA,NA,NA,NA,NA,NA,NA,NA,NA,NA,NA,NA,NA,NA,NA,NA,1800259,0101000020BD0B000054EE11971DA42C416C9D3E7C52503041,MoTi,093L.118,NA,MoTi local,15,2360,124502,NA,ASSESSED,ROUND,Walcott FSR,BARRIER,17056927,360842611,982,400.431358.456117,400.431358.456117,BULK,0101000020BD0B00007B7781541FA42C41D08726A859503041,{7036},NA,NA,3,7,0.0752,723.8416,12.59,11.19,0,22.94,1.39,3.1,1.95,2.31,0.4,0.43,1.13,0.09,0.08,0,0,0,0,0,0.09,0,0,0,0,0,0,0,0,0,0,0,0,0,0,0,0,0,0,0,0,0,0,0,0,0,8.68,7.28,0,22.94,1.39,3.1,1.95,1.97,0.11,0.15,0,0.09,0.08,0,0,NA,0,0,0.09,0,0,0,0,0,0,0,0,0,0,0,0,0,0,0,0,0,0,NA,0,0,0,0,0,0,4.7257805010100205
2020-08-31,124504,NA,"KP, AI",9,634323.000642575,6054586.99962762,Coffin Creek,Lawson Road,13.5,NA,Round Culvert,3,16,Yes,0.15,Yes,No,NA,0.5,0.2,0.1,No,1,5.3,2,No,Yes,Deep Fill,High,1.8,3,5,5,5,6,24,Barrier,Replace with New Open Bottom Structure,10.6,Partially embedded with several large boulders (30 - 50cm) in culvert.  No outlet drop at the time of survey but there may be at lowest flow levels.,pscis_phase2.xlsm,"c(940762.302310273, 1069289.17631877)",124504,1497152,NA,local,Lawson Rd,loose,NA,NA,NA,NA,NA,NA,NA,NA,NA,NA,NA,NA,NA,NA,NA,NA,NA,NA,NA,NA,NA,NA,NA,NA,NA,1803401,0101000020BD0B0000335F18B1BDB52C41D1C7ACADE1503041,MoTi,093L.118,NA,MoTi local,16,2362,124504,NA,ASSESSED,ROUND,Walcott FSR,POTENTIAL,17059489,360884015,334,400.431358.464077,400.431358.464077,BULK,0101000020BD0B0000D6484AF5C1B52C4164935894E5503041,{7037},"{CO,DV,LKC,RB}","{CSU,CT,DV,LSU,MW,RB,RSC}",5,73,0.0371,4521.6705,109.6,101.48,0,133.31,7.83,16.33,11.3,17.69,28.77,12.43,6.74,1.32,1.32,0,0,0,0,1.32,0,0,0,0,0,0,0,0,0,0,0,0,0,0,0,0,0,0,0,0,0,0,0,0,0,0,38.08,31.99,0,116.12,5.92,11.3,4.27,8.16,6.68,1.76,0,1.32,1.32,0,0,NA,0,1.32,0,0,0,0,0,0,0,0,0,0,0,0,0,0,0,0,0,0,0,NA,0,0,0,0,0,0,7.583967267297052
2020-09-04,195288,NA,"AI, KP",9,640899.000278981,6051558.99898685,Gibson Creek,Schnider Road,NA,NA,Round Culvert,1.2,11,No,NA,No,No,NA,1.2,0.3,1.5,Yes,1,3,2,Yes,No,Deep Fill,Medium,2.5,0,10,10,5,6,31,Barrier,Replace with New Open Bottom Structure,10,Wetland type habitat upstream and downstream.  Drone flight conducted upstream to map immediate area upstream.,pscis_phase2.xlsm,"c(947186.590244588, 1065974.67100868)",195288,190048,NA,local,Snider Rd,paved,NA,NA,NA,NA,NA,NA,NA,NA,NA,NA,NA,NA,NA,NA,NA,NA,NA,NA,NA,NA,NA,NA,NA,NA,NA,1800098,0101000020BD0B0000441F6F6925E82C41C41883FEF8433041,MoTi,093L.113,NA,MoTi local,17,2680,195288,NA,ASSESSED,ROUND,Snider Road,BARRIER,17061859,360820934,1235,400.431358.485911.075489,400.431358.485911.075489.075081,BULK,0101000020BD0B0000C25D779F23E82C4173AD6988FD433041,{2682},NA,"{CT,RB}",3,12,0.0184,1341.7495,20.99,19.37,0,18.67,1.62,4.99,0.92,2.63,4.37,2.86,1.18,11.57,9.99,0,18.67,1.58,3.21,0.88,1.01,1.66,1.65,0.93,0,0,0,0,0,0,0,0,0,0,0,0,0,0,0,0,0,0,0,0,0,0,11.6,10.01,0,18.67,1.58,4.97,0.92,2.63,1.05,0.45,0,7.2,5.61,0,18.67,NA,3.21,0.88,1.01,0.2,0.34,0,0,0,0,0,0,0,0,0,0,0,0,0,0,0,0,NA,0,0,0,0,0,0,31.966375737922572
2020-09-04,195289,NA,"AI, KP",9,639868.999587371,6051746.99888993,Deep Creek,Highway 16,NA,MoTi highway,Oval Culvert,4,2,Yes,0.55,No,No,NA,1.5,0,0.3,No,0.5,14,2,No,No,Deep Fill,High,3.5,0,5,0,0,6,11,Passable,NA,NA,No habitat confirmation in 2020. Culvert is now embedded where as it was not in 2014 surveys.  Passable structure with no issues.,pscis_reassessments.xlsm,"c(946168.182078696, 1066206.9719547)",195289,190049,16,highway,Hwy 16 E,paved,NA,NA,NA,NA,NA,NA,NA,NA,NA,NA,NA,NA,NA,NA,NA,NA,NA,NA,NA,NA,NA,NA,NA,NA,NA,1800100,0101000020BD0B00001A69C159EFDF2C41C4FE0A69E9443041,MoTi,093L.113,NA,MoTi highway,NA,NA,NA,NA,NA,NA,NA,NA,NA,NA,NA,NA,NA,NA,NA,NA,NA,NA,NA,NA,NA,NA,NA,NA,NA,NA,NA,NA,NA,NA,NA,NA,NA,NA,NA,NA,NA,NA,NA,NA,NA,NA,NA,NA,NA,NA,NA,NA,NA,NA,NA,NA,NA,NA,NA,NA,NA,NA,NA,NA,NA,NA,NA,NA,NA,NA,NA,NA,NA,NA,NA,NA,NA,NA,NA,NA,NA,NA,NA,NA,NA,NA,NA,NA,NA,NA,NA,NA,NA,NA,NA,NA,NA,NA,NA,NA,NA,NA,NA,NA,NA,NA,NA,NA,NA,NA,NA,NA,NA,NA,NA
2020-09-04,195290,NA,"KP, AI",9,640014.000210579,6051696.99921541,Gibson Creek,Highway 16,NA,NA,Round Culvert,0.8,0,No,NA,No,No,NA,6,0.66,0.7,No,1.5,2.4,1.7,Yes,Yes,Deep Fill,Medium,3,0,10,10,5,6,31,Barrier,Replace with New Open Bottom Structure,19,Flows into Deep Creek downstream.  Electrofished upstream and downstream.  Wetland type habitat upstream with CO captured below only.  Candidate for backwatering?,pscis_phase2.xlsm,"c(946310.54983454, 1066150.68870072)",195290,190049,16,highway,Hwy 16 E,paved,NA,NA,NA,NA,NA,NA,NA,NA,NA,NA,NA,NA,NA,NA,NA,NA,NA,NA,NA,NA,NA,NA,NA,NA,NA,1800099,0101000020BD0B000098A186781DE12C4171D13D4997443041,MoTi,093L.113,NA,MoTi highway,18,2682,195290,NA,ASSESSED,ROUND,Highway 16,BARRIER,17060788,360820934,198,400.431358.485911.075489,400.431358.485911.075489,BULK,0101000020BD0B000022F56B241CE12C41A74013D196443041,NA,NA,"{CT,RB}",3,13,0.0222,1710.5918,22.6,20.43,0,23.71,2.16,6.05,0.92,2.63,4.37,2.86,1.18,1.61,1.06,0,5.04,0.54,1.06,0,0,0,0,0,0,0,0,0,0,0,0,0,0,0,0,0,0,0,0,0,0,0,0,0,0,0,13.2,11.07,0,23.71,2.13,6.03,0.92,2.63,1.05,0.45,0,1.6,1.06,0,5.04,NA,1.06,0,0,0,0,0,0,0,0,0,0,0,0,0,0,0,0,0,0,0,0,NA,0,0,0,0,0,0,166.35236794940997
2020-09-05,197360,NA,"AI, KP",9,649936,5992406,Riddeck Creek,Morice-Owen FSR,NA,NA,Round Culvert,1.2,27,No,NA,No,No,NA,2.5,0.24,1.6,No,1,2.2,1.5,Yes,Yes,Deep Fill,High,1.8,3,10,5,5,6,29,Barrier,Replace with New Open Bottom Structure,10,Wetland type habitat for first 300m upstream then 3m wide channel with cover available in all forms with pools suitable for juvenile RB and CO overwintering.  Abundant gravels and small cobbles throught suitable for CO or RB/ST spawning.,pscis_phase2.xlsm,"c(953681.829120341, 1006319.94486411)",197360,NA,NA,NA,NA,NA,NA,1427304,9947,01,OS,NA,HI,B40,Forest Service Road,00133887,DISTRICT MANAGER NADINA (DND),ACTIVE,9947 01 0,NA,NA,NA,NA,NA,NA,NA,NA,NA,NA,NA,NA,14000711,0101000020BD0B0000F93A39D59C1A2D410E131A42CCB52E41,MoTi,093L.104,FLNR Nadina,FLNR Nadina 9947,NA,NA,NA,NA,NA,NA,NA,NA,NA,NA,NA,NA,NA,NA,NA,NA,NA,NA,NA,NA,NA,NA,NA,NA,NA,NA,NA,NA,NA,NA,NA,NA,NA,NA,NA,NA,NA,NA,NA,NA,NA,NA,NA,NA,NA,NA,NA,NA,NA,NA,NA,NA,NA,NA,NA,NA,NA,NA,NA,NA,NA,NA,NA,NA,NA,NA,NA,NA,NA,NA,NA,NA,NA,NA,NA,NA,NA,NA,NA,NA,NA,NA,NA,NA,NA,NA,NA,NA,NA,NA,NA,NA,NA,NA,NA,NA,NA,NA,NA,NA,NA,NA,NA,NA,NA,NA,NA,NA,NA,NA,NA
2020-08-26,197640,1800092,"AI, KP",9,654311.977546607,6012382.71183954,Tributary to Buck Creek,Buck Flats FSR,NA,MoTi local,Round Culvert,1.5,12,No,NA,No,No,NA,1,0.4,1.2,No,1.5,5.1,3,No,Yes,Deep Fill,High,3.4,0,10,10,5,6,31,Barrier,Replace with New Open Bottom Structure,10,Large tributary on section of tributary connected to salmon bearing Buck Creek.  Fish rising in outlet pool (estimated 130mm).  Some cattle access points downstream.  Habitat confirmation conducted at this site.,pscis_phase1.xlsm,"c(958888.653795908, 1026149.68916758)",1800092,190013,NA,local,Buck Flats Rd,loose,NA,NA,NA,NA,NA,NA,NA,NA,NA,NA,NA,NA,NA,NA,NA,NA,NA,NA,NA,NA,NA,NA,NA,NA,NA,1800092,0101000020BD0B000099DDBD4E51432D414942CA60CB502F41,MoTi,093L.109,NA,MoTi local,21,3320,NA,NA,MODELLED_CROSSINGS,CBS,NA,POTENTIAL,17102820,360737479,28.04433593999299,400.431358.623573.329057,400.431358.623573.329057,BULK,0101000020BD0B00005274504E51432D4110D2BC60CB502F41,NA,NA,{RB},2,8,0.0341,2390.7079,22.14,18.28,0,129.43,3.37,4.3,6.73,4.03,1.66,0.63,0.97,8.26,5.53,0,108.04,2.74,2.22,1.95,1.36,0,-0.01,0.01,0,0,0,0,0,0,0,0,0,0,0,0,0,0,0,0,0,0,0,0,0,0,19.96,16.37,0,127.13,3.37,4.3,6.46,4.03,1.36,0.23,0,8.27,5.53,0,108.04,NA,2.22,1.96,1.36,0,0,0,0,0,0,0,0,0,0,0,0,0,0,0,0,0,0,NA,0,0,0,0,0,0,8.685274033448652e-4
2020-09-26,197640,1800092,"AI, KP",9,654311.98,6012382.71,Tributary to Buck Creek,Buck Flats Road,NA,NA,Round Culvert,1.5,12,No,NA,No,No,NA,1,0.4,1.2,No,1.5,5.1,3,No,Yes,Deep Fill,High,3.4,0,10,10,5,6,31,Barrier,Replace with New Open Bottom Structure,10.2,Large tributary on section of tributary connected to salmon bearing Buck Creek.  Fish rising in outlet pool (estimated 130mm).  Some cattle access points downstream.,pscis_phase2.xlsm,"c(958888.656162656, 1026149.68722012)",1800092,190013,NA,local,Buck Flats Rd,loose,NA,NA,NA,NA,NA,NA,NA,NA,NA,NA,NA,NA,NA,NA,NA,NA,NA,NA,NA,NA,NA,NA,NA,NA,NA,1800092,0101000020BD0B000099DDBD4E51432D414942CA60CB502F41,MoTi,093L.109,NA,MoTi local,21,3320,NA,NA,MODELLED_CROSSINGS,CBS,NA,POTENTIAL,17102820,360737479,28.04433593999299,400.431358.623573.329057,400.431358.623573.329057,BULK,0101000020BD0B00005274504E51432D4110D2BC60CB502F41,NA,NA,{RB},2,8,0.0341,2390.7079,22.14,18.28,0,129.43,3.37,4.3,6.73,4.03,1.66,0.63,0.97,8.26,5.53,0,108.04,2.74,2.22,1.95,1.36,0,-0.01,0.01,0,0,0,0,0,0,0,0,0,0,0,0,0,0,0,0,0,0,0,0,0,0,19.96,16.37,0,127.13,3.37,4.3,6.46,4.03,1.36,0.23,0,8.27,5.53,0,108.04,NA,2.22,1.96,1.36,0,0,0,0,0,0,0,0,0,0,0,0,0,0,0,0,0,0,NA,0,0,0,0,0,0,8.685274033448652e-4
2020-08-26,197641,1805182,"KP, AI",9,675368.159950397,6004483.68258618,Tributary to Buck Creek,Parrot FSR,43.9,FLNR Nadina 9772,Pipe Arch,4.5,18,NA,NA,NA,NA,NA,NA,NA,NA,NA,NA,NA,NA,No,No,NA,NA,0,3,0,0,0,0,3,Passable,NA,NA,Newly constructed passable structure.,pscis_phase1.xlsm,"c(979535.057559411, 1017340.11797967)",1805182,NA,NA,NA,NA,NA,NA,1497212,9772,01,OS,NA,HI,B40,Forest Service Road,00133887,DISTRICT MANAGER NADINA (DND),ACTIVE,9772 01 0,NA,NA,NA,NA,NA,NA,NA,NA,NA,NA,NA,NA,1805182,0101000020BD0B00005FFC771D9EE42D41EA84573CF80B2F41,MoTi,093L.105,FLNR Nadina,FLNR Nadina 9772,NA,NA,NA,NA,NA,NA,NA,NA,NA,NA,NA,NA,NA,NA,NA,NA,NA,NA,NA,NA,NA,NA,NA,NA,NA,NA,NA,NA,NA,NA,NA,NA,NA,NA,NA,NA,NA,NA,NA,NA,NA,NA,NA,NA,NA,NA,NA,NA,NA,NA,NA,NA,NA,NA,NA,NA,NA,NA,NA,NA,NA,NA,NA,NA,NA,NA,NA,NA,NA,NA,NA,NA,NA,NA,NA,NA,NA,NA,NA,NA,NA,NA,NA,NA,NA,NA,NA,NA,NA,NA,NA,NA,NA,NA,NA,NA,NA,NA,NA,NA,NA,NA,NA,NA,NA,NA,NA,NA,NA,NA,NA
2020-08-26,197642,1805455,"AI, KP",9,675328.797935251,6004247.35833113,Tributary to Buck Creek,Spur off Parrot FSR,0.2,NA,Ford,NA,NA,NA,NA,NA,NA,NA,NA,NA,NA,NA,NA,NA,NA,No,No,NA,NA,0,0,0,0,0,0,0,Unknown,NA,NA,Ford.  No issues.,pscis_phase1.xlsm,"c(979485.830610406, 1017105.02889082)",1805455,NA,NA,NA,NA,NA,NA,NA,NA,NA,NA,NA,NA,NA,NA,NA,NA,NA,NA,2349,NA,NA,NA,NA,NA,NA,NA,NA,NA,NA,NA,1805455,0101000020BD0B0000645345A93BE42D41EF76BA0E220A2F41,MoTi,093L.105,NA,NA,23,6922,NA,NA,MODELLED_CROSSINGS,CBS,NA,POTENTIAL,17107605,360704000,350.90852652200846,400.431358.623573.829593,400.431358.623573.829593,BULK,0101000020BD0B00003D8946F83BE42D412D3A5B48230A2F41,NA,{RB},NA,2,4,0.0768,188.7377,4.1,3.83,0,3.32,0.12,0.27,0.56,1.01,0.73,0.12,0.81,0.55,0.55,0,0,0,0,0,0.55,0,0,0,0,0,0,0,0,0,0,0,0,0,0,0,0,0,0,0,0,0,0,0,0,0,2.44,2.32,0,1.06,0.12,0.27,0.41,0.87,0.73,0.05,0,0.55,0.55,0,0,NA,0,0,0.55,0,0,0,0,0,0,0,0,0,0,0,0,0,0,0,0,0,0,NA,0,0,0,0,0,0,239.55673246285562
2020-08-26,197643,1805183,"KP, AI",9,677098.7097093,6003221.438324,Buck Creek,Goosley North Rd,0.1,FLNR Nadina 9772,Bridge,4.7,16,NA,NA,NA,NA,NA,NA,NA,NA,NA,NA,NA,NA,No,No,NA,NA,0,3,0,0,0,0,3,Passable,NA,NA,Bridge.,pscis_phase1.xlsm,"c(981205.918284798, 1016001.94207222)",1805183,NA,NA,NA,NA,NA,NA,1497212,9772,01,OS,NA,HI,B40,Forest Service Road,00133887,DISTRICT MANAGER NADINA (DND),ACTIVE,9772 01 0,NA,NA,NA,NA,NA,NA,NA,NA,NA,NA,NA,NA,1805183,0101000020BD0B00006CFC28D6ABF12D41D6F946E283012F41,MoTi,093L.105,FLNR Nadina,FLNR Nadina 9772,NA,NA,NA,NA,NA,NA,NA,NA,NA,NA,NA,NA,NA,NA,NA,NA,NA,NA,NA,NA,NA,NA,NA,NA,NA,NA,NA,NA,NA,NA,NA,NA,NA,NA,NA,NA,NA,NA,NA,NA,NA,NA,NA,NA,NA,NA,NA,NA,NA,NA,NA,NA,NA,NA,NA,NA,NA,NA,NA,NA,NA,NA,NA,NA,NA,NA,NA,NA,NA,NA,NA,NA,NA,NA,NA,NA,NA,NA,NA,NA,NA,NA,NA,NA,NA,NA,NA,NA,NA,NA,NA,NA,NA,NA,NA,NA,NA,NA,NA,NA,NA,NA,NA,NA,NA,NA,NA,NA,NA,NA,NA
2020-08-26,197644,1803661,"AI, KP",9,677101.139730856,6003176.94241586,Tributary to Buck Creek,Spur off Parrot FSR,0.1,Canfor R10460,Ford,NA,NA,NA,NA,NA,NA,NA,NA,NA,NA,NA,NA,NA,NA,No,No,NA,NA,0,0,0,0,0,0,0,Unknown,NA,NA,Ford.  No issues.,pscis_phase1.xlsm,"c(981206.455709256, 1015957.26059259)",1803661,NA,NA,NA,NA,NA,NA,1367197,R10460,4,NA,NA,HI,B01,Road Permit,00001271,CANADIAN FOREST PRODUCTS LTD.,ACTIVE,R10460 4 0,NA,NA,NA,NA,NA,NA,NA,NA,NA,NA,NA,NA,1803661,0101000020BD0B0000D74852E9ACF12D41A8145C852A012F41,MoTi,093L.105,Canfor,Canfor R10460,25,5782,NA,NA,MODELLED_CROSSINGS,CBS,NA,POTENTIAL,17107858,360508526,155.69112239687834,400.431358.623573.864197,400.431358.623573.864197,BULK,0101000020BD0B000025808548AEF12D4140BB1D6F1E012F41,NA,NA,{RB},2,3,0.0964,127.2105,3.75,3.75,NA,NA,0,0,0.53,0,1.04,1.01,0.86,2.44,2.44,0,0,0,0,0.53,0,0.74,0.73,0.26,0,0,NA,NA,0,0,0,0,0,0,0,0,0,0,0,0,0,0,0,0,0,0,1.57,1.57,NA,NA,0,0,0.53,0,0.6,0.45,0,1.57,1.57,0,0,NA,0,0.53,0,0.6,0.45,0,0,0,NA,NA,0,0,0,0,0,0,0,0,0,0,0,NA,0,0,0,0,0,0,50.73979850856005
2020-08-26,197645,1800472,"KP, AI",9,678411.047086322,6002820.95651349,Tributary to Buck Creek,Parrot FSR,47.1,MoTi unclassified,Pipe Arch,7,21,NA,NA,NA,NA,NA,NA,NA,NA,NA,NA,NA,NA,No,No,NA,NA,0,3,0,0,0,0,3,Passable,NA,NA,Newly constructed passable structure.,pscis_phase1.xlsm,"c(982496.558020185, 1015544.91505957)",1800472,387582,NA,unclassified,NA,loose,NA,NA,NA,NA,NA,NA,NA,NA,NA,NA,NA,NA,NA,NA,NA,NA,NA,NA,NA,NA,NA,NA,NA,NA,NA,1800472,0101000020BD0B00007A62B41DC1FB2D41586072D4F1FD2E41,MoTi,093L.105,NA,MoTi unclassified,NA,NA,NA,NA,NA,NA,NA,NA,NA,NA,NA,NA,NA,NA,NA,NA,NA,NA,NA,NA,NA,NA,NA,NA,NA,NA,NA,NA,NA,NA,NA,NA,NA,NA,NA,NA,NA,NA,NA,NA,NA,NA,NA,NA,NA,NA,NA,NA,NA,NA,NA,NA,NA,NA,NA,NA,NA,NA,NA,NA,NA,NA,NA,NA,NA,NA,NA,NA,NA,NA,NA,NA,NA,NA,NA,NA,NA,NA,NA,NA,NA,NA,NA,NA,NA,NA,NA,NA,NA,NA,NA,NA,NA,NA,NA,NA,NA,NA,NA,NA,NA,NA,NA,NA,NA,NA,NA,NA,NA,NA,NA
2020-08-26,197646,1802520,"AI, KP",9,672022.983697628,6005199.61528154,Tributary to Buck Creek,Spur off Parrot FSR,NA,R216960010,Round Culvert,1,10,No,NA,No,No,NA,1.2,0,0.42,No,1,1.4,5,Yes,No,Deep Fill,Medium,1.4,0,10,0,5,6,21,Barrier,Replace Structure with Streambed Simulation CBS,3,Stream drains Sam Lake.  Old log bridge type stucture tha is collaping with round culvert inserted.  Pipe contains beaver debris. Wetland habitat upstream.,pscis_phase1.xlsm,"c(976232.238077558, 1018199.64552327)",1802520,NA,NA,NA,NA,NA,NA,966047,R21696,001,NA,NA,HI,B01,Road Permit,00147229,WET'SUWET'EN VENTURES LTD,ACTIVE,R21696 001 0,NA,NA,NA,NA,NA,NA,NA,NA,NA,NA,NA,NA,1802520,0101000020BD0B000003DBE479D0CA2D418AB6714AAF122F41,MoTi,093L.105,NA,NA,28,5006,NA,NA,MODELLED_CROSSINGS,CBS,NA,POTENTIAL,17107208,360854760,1580.3974221731762,400.431358.623573.788386,400.431358.623573.788386.213438,BULK,0101000020BD0B0000494B7ADFCFCA2D41493F4689AF122F41,{3835},NA,NA,2,3,0.026,543.1004,5.46,3.89,0,12.85,1.57,2.82,0.31,0.33,0.09,0.35,0,2.37,1.13,0,7.36,1.25,0.83,0.31,0,0,0,0,0,0,0,0,0,0,0,0,0,0,0,0,0,0,0,0,0,0,0,0,0,0,5.11,3.55,0,12.85,1.57,2.82,0.31,0.33,0.09,0,0,2.37,1.14,0,7.36,NA,0.83,0.31,0,0,0,0,0,0,0,0,0,0,0,0,0,0,0,0,0,0,0,NA,0,0,0,0,0,0,0.3255605138101787
2020-08-26,197647,1804986,"KP, AI",9,651263.501532512,6012508.45581071,Tributary to Buck Creek,Carrier FSR,15.5,FLNR Nadina 9772,Round Culvert,1,16,No,NA,No,No,NA,1.8,0.3,0,No,1.5,1.5,2,No,No,Deep Fill,Low,1.5,3,10,10,5,6,34,Barrier,Replace Structure with Streambed Simulation CBS,3,Suspect no fish.  Multiple fish survey sites located downstream.  Dry at time of survey.,pscis_phase1.xlsm,"c(955856.248846807, 1026405.32249378)",1804986,NA,NA,NA,NA,NA,NA,1532709,9772,02,OS,NA,HI,B40,Forest Service Road,00133887,DISTRICT MANAGER NADINA (DND),ACTIVE,9772 02 0,NA,NA,NA,NA,NA,NA,NA,NA,NA,NA,NA,NA,1804986,0101000020BD0B0000785F687FA02B2D4104970DA5CA522F41,MoTi,093L.109,FLNR Nadina,FLNR Nadina 9772,29,6654,NA,NA,MODELLED_CROSSINGS,CBS,NA,POTENTIAL,17102525,360665229,194.21276341773108,400.431358.623573.329057.438212,400.431358.623573.329057.438212,BULK,0101000020BD0B0000CBA0B0AB8E2B2D4165EB817AB8522F41,"{3502,3320}",NA,NA,1,1,0.0172,NA,1.78,1.3,0,10.33,0.26,1.3,0,0,0,0,0,NA,NA,NA,NA,NA,NA,NA,NA,NA,NA,NA,0,0,0,0,0,0,0,0,0,0,0,NA,NA,NA,NA,NA,NA,NA,NA,NA,NA,NA,1.78,1.3,0,10.33,0.26,1.3,0,0,0,0,0,NA,NA,NA,NA,NA,NA,NA,NA,NA,NA,NA,0,0,0,0,0,0,0,0,0,0,0,NA,NA,NA,NA,NA,NA,NA,NA,NA,NA,NA,12.726179976599294
2020-08-26,197648,1804153,"KP, AI",9,653554,6015856,Tributary to Buck Creek,Balsam FSR,NA,FLNR Nadina 9486,Bridge,5,9,NA,NA,NA,NA,NA,NA,NA,NA,NA,NA,NA,NA,No,No,NA,NA,0,0,0,0,0,0,0,Passable,NA,NA,Bridge. No issues.,pscis_phase1.xlsm,"c(958280.623489046, 1029661.99286217)",1804153,NA,NA,NA,NA,NA,NA,994292,9486,01,BC,NA,HI,B40,Forest Service Road,00133887,DISTRICT MANAGER NADINA (DND),ACTIVE,9486 01 0,NA,NA,NA,NA,NA,NA,NA,NA,NA,NA,NA,NA,1804154,0101000020BD0B0000576DC494883E2D418A254EF4536C2F41,MoTi,093L.109,FLNR Nadina,FLNR Nadina 9486,30,6094,NA,NA,MODELLED_CROSSINGS,CBS,NA,POTENTIAL,17100797,360885738,989.4200845659955,400.431358.623573.252376,400.431358.623573.252376.077139,BULK,0101000020BD0B000011010394883E2D416E32E5F3536C2F41,NA,{RB},NA,3,6,0.0542,1087.5065,11.62,10.31,0,24.48,1.17,0.1,2.79,5.26,0.63,0.88,0.76,10.84,9.7,0,23.45,1,0.1,2.18,5.26,0.63,0.88,0.76,0,0,0,0,0,0,0,0,0,0,0,0,0,0,0,0,0,0,0,0,0,0,8.77,7.63,0,23.45,1.01,0.1,2.18,5.26,0,0.22,0,8.77,7.63,0,23.45,NA,0.1,2.18,5.26,0,0.22,0,0,0,0,0,0,0,0,0,0,0,0,0,0,0,0,NA,0,0,0,0,0,0,12.743281650988408
2020-08-26,197649,1804151,"KP, AI",9,652876.146480266,6017366.78838726,Tributary to Buck Creek,Balsam FSR,NA,FLNR Nadina 9486,Bridge,5.5,12,NA,NA,NA,NA,NA,NA,NA,NA,NA,NA,NA,NA,No,No,NA,NA,0,0,0,0,0,0,0,Passable,NA,NA,Bridge. No issues.,pscis_phase1.xlsm,"c(957669.235751274, 1031204.57230028)",1804151,NA,NA,NA,NA,NA,NA,994292,9486,01,BC,NA,HI,B40,Forest Service Road,00133887,DISTRICT MANAGER NADINA (DND),ACTIVE,9486 01 0,NA,NA,NA,NA,NA,NA,NA,NA,NA,NA,NA,NA,1804151,0101000020BD0B0000C8EAB378CA392D411F3AF42449782F41,MoTi,093L.109,FLNR Nadina,FLNR Nadina 9486,NA,NA,NA,NA,NA,NA,NA,NA,NA,NA,NA,NA,NA,NA,NA,NA,NA,NA,NA,NA,NA,NA,NA,NA,NA,NA,NA,NA,NA,NA,NA,NA,NA,NA,NA,NA,NA,NA,NA,NA,NA,NA,NA,NA,NA,NA,NA,NA,NA,NA,NA,NA,NA,NA,NA,NA,NA,NA,NA,NA,NA,NA,NA,NA,NA,NA,NA,NA,NA,NA,NA,NA,NA,NA,NA,NA,NA,NA,NA,NA,NA,NA,NA,NA,NA,NA,NA,NA,NA,NA,NA,NA,NA,NA,NA,NA,NA,NA,NA,NA,NA,NA,NA,NA,NA,NA,NA,NA,NA,NA,NA
2020-08-26,197650,1804851,"KP, AI",9,654032.391801474,6020242.25224928,Bob Creek,Bob Creek FSR,NA,FLNR Nadina 10157,Bridge,4.8,13,NA,NA,NA,NA,NA,NA,NA,NA,NA,NA,NA,NA,No,No,NA,NA,0,0,0,0,0,0,0,Passable,NA,NA,Bridge. No issues.,pscis_phase1.xlsm,"c(958943.374650324, 1034036.45338607)",1804851,NA,NA,NA,NA,NA,NA,1503247,10157,01,BC,NA,HI,B40,Forest Service Road,00133887,DISTRICT MANAGER NADINA (DND),ACTIVE,10157 01 0,NA,NA,NA,NA,NA,NA,NA,NA,NA,NA,NA,NA,1804851,0101000020BD0B0000F1B1D1BFBE432D414FE711E8688E2F41,MoTi,093L.109,FLNR Nadina,FLNR Nadina 10157,NA,NA,NA,NA,NA,NA,NA,NA,NA,NA,NA,NA,NA,NA,NA,NA,NA,NA,NA,NA,NA,NA,NA,NA,NA,NA,NA,NA,NA,NA,NA,NA,NA,NA,NA,NA,NA,NA,NA,NA,NA,NA,NA,NA,NA,NA,NA,NA,NA,NA,NA,NA,NA,NA,NA,NA,NA,NA,NA,NA,NA,NA,NA,NA,NA,NA,NA,NA,NA,NA,NA,NA,NA,NA,NA,NA,NA,NA,NA,NA,NA,NA,NA,NA,NA,NA,NA,NA,NA,NA,NA,NA,NA,NA,NA,NA,NA,NA,NA,NA,NA,NA,NA,NA,NA,NA,NA,NA,NA,NA,NA
2020-08-26,197651,1800868,"AI, KP",9,672888.022611013,6005374.97014061,Tributary to Goosly Lake,Spur off Parrot FSR,0.1,MoTi unclassified,Ford,NA,NA,NA,NA,NA,NA,NA,NA,NA,NA,NA,NA,NA,NA,No,No,NA,NA,0,0,0,0,0,0,0,Unknown,NA,NA,Ford.  No issues.,pscis_phase1.xlsm,"c(977101.594290621, 1018338.54058933)",1800868,647880,NA,unclassified,NA,loose,NA,NA,NA,NA,NA,NA,NA,NA,NA,NA,NA,NA,NA,NA,NA,NA,NA,NA,NA,NA,NA,NA,NA,NA,NA,1800868,0101000020BD0B0000576A46309BD12D41B7CFB714C5132F41,MoTi,093L.105,NA,MoTi unclassified,33,3835,NA,NA,MODELLED_CROSSINGS,CBS,NA,POTENTIAL,17107123,360854760,632.4842556077249,400.431358.623573.788386,400.431358.623573.788386,BULK,0101000020BD0B00008065EE2F9BD12D41B18D6C14C5132F41,NA,NA,NA,3,6,0.0271,679.794,8.64,6.98,0,13.48,1.66,3.98,0.56,0.46,0.72,1.09,0.16,1.35,1.36,0,0.01,-0.01,0.94,0,0,0.41,-0.01,0,0,0,0,0,0,0,0,0,0,0,0,0,0,0,0,0,0,0,0,0,0,0,7.39,5.73,0,13.48,1.66,3.98,0.56,0.46,0.72,0,0,1.36,1.36,0,0.01,NA,0.94,0,0,0.41,0,0,0,0,0,0,0,0,0,0,0,0,0,0,0,0,0,NA,0,0,0,0,0,0,9.713953913632839e-4
2020-08-27,197652,1800077,"KP, AI",9,661696.008223424,6039603.04545862,McInnes Creek,Unnamed,NA,MoTi unclassified,Ford,NA,NA,NA,NA,NA,NA,NA,NA,NA,NA,NA,NA,NA,NA,No,No,NA,NA,0,0,0,0,0,0,0,Unknown,NA,NA,Ford.  No issues.,pscis_phase1.xlsm,"c(967401.818130845, 1053108.26798107)",1800077,826549,NA,unclassified,NA,loose,NA,NA,NA,NA,NA,NA,NA,NA,NA,NA,NA,NA,NA,NA,NA,NA,NA,NA,NA,NA,NA,NA,NA,NA,NA,1801077,0101000020BD0B0000AE95E1A2D3852D41E53F9244B4113041,MoTi,093L.114,NA,MoTi unclassified,34,3981,NA,NA,MODELLED_CROSSINGS,CBS,NA,POTENTIAL,17084574,360715988,1176.218318702462,400.431358.703254,400.431358.703254.048478,BULK,0101000020BD0B00008E8177A2D3852D41274AAD44B4113041,"{3302,3392,7021}",NA,NA,3,10,0.0802,833.9286,15.69,15.11,0,4.33,0.56,0.51,3.39,4.64,5.59,0.5,0.5,4.81,4.82,0,0,0,0.04,2.51,0.76,1.51,0,0,0,0,0,0,0,0,0,0,0,0,0,0,0,0,0,0,0,0,0,0,0,0,15.01,14.42,0,4.33,0.56,0.51,3.39,4.64,5.59,0.31,0,4.82,4.82,0,0,NA,0.04,2.51,0.76,1.51,0,0,0,0,0,0,0,0,0,0,0,0,0,0,0,0,0,NA,0,0,0,0,0,0,8.623880190148525e-4
2020-08-27,197653,1800068,"KP, AI",9,665518.060374683,6044192.12428499,Perow Creek,Perow Loop Rd,0.1,MoTi local,Round Culvert,2,32,No,NA,No,No,NA,1,0.33,0.26,No,2.5,2.5,3,Yes,No,Deep Fill,Medium,1.2,6,10,10,5,3,34,Barrier,Replace with New Open Bottom Structure,10,Private land.  Channelized downstream with concrete slab riprap in place. Private driveway is crossing 1801071 upstream.,pscis_phase1.xlsm,"c(971405.253546078, 1057543.06284862)",1800068,189919,NA,local,Perow Loop Rd,paved,NA,NA,NA,NA,NA,NA,NA,NA,NA,NA,NA,NA,NA,NA,NA,NA,NA,NA,NA,NA,NA,NA,NA,NA,NA,1800068,0101000020BD0B0000DC55D0811AA52D417AB00E1007233041,MoTi,093L.114,NA,MoTi local,35,3298,NA,NA,MODELLED_CROSSINGS,CBS,NA,POTENTIAL,17075846,360836816,521.1454747542159,400.431358.737582,400.431358.737582.024023,BULK,0101000020BD0B0000DDAED0811AA52D41E9C8121007233041,"{3297,7024}","{BB,CH,CO,CT,LNC,RB,SST,ST}",NA,4,30,0.0278,1637.1129,38.53,36.64,0,12.24,1.81,6.61,3.75,15.14,8.4,2.66,0.14,0.33,0.33,0,0,0,0.33,0,0,0,0,0,0,0,0,0,0,0,0,0,0,0,0,0,0,0,0,0,0,0,0,0,0,0,34.23,32.33,0,12.24,1.81,6.61,3.75,15.14,6.19,0.71,0.01,0.33,0.33,0,0,NA,0.33,0,0,0,0,0,0,0,0,0,0,0,0,0,0,0,0,0,0,0,0,NA,0,0,0,0,0,0,6.199039550937583e-5
2020-08-26,197654,1804152,"AI, KP",9,652746.539209162,6018036.28745955,Tributary to Buck Creek,Balsam FSR,NA,FLNR Nadina 9486,Round Culvert,1,20,No,NA,No,No,NA,2,0.27,0.12,Yes,4,1.5,5,No,No,Deep Fill,Medium,1.5,3,10,5,10,6,34,Barrier,Replace Structure with Streambed Simulation CBS,3,Good flow. Stream likley has inventory information. Should check with Canfor.,pscis_phase1.xlsm,"c(957568.482819601, 1031880.89549556)",1804152,NA,NA,NA,NA,NA,NA,994292,9486,01,BC,NA,HI,B40,Forest Service Road,00133887,DISTRICT MANAGER NADINA (DND),ACTIVE,9486 01 0,NA,NA,NA,NA,NA,NA,NA,NA,NA,NA,NA,NA,1804152,0101000020BD0B00001DA833F700392D4101146ECA917D2F41,MoTi,093L.109,FLNR Nadina,FLNR Nadina 9486,31,6092,NA,NA,MODELLED_CROSSINGS,CBS,NA,POTENTIAL,17099463,360593521,789.7876822197413,400.431358.623573.231914,400.431358.623573.231914,BULK,0101000020BD0B00008F0FE2FF00392D416588ADC4917D2F41,NA,NA,NA,2,2,0.065,101.6564,4.05,3.79,0,0.85,0.26,0,0,3.32,0.47,0,0,NA,NA,NA,NA,NA,NA,NA,NA,NA,NA,NA,0,0,0,0,0,0,0,0,0,0,0,NA,NA,NA,NA,NA,NA,NA,NA,NA,NA,NA,3.34,3.34,0,0,0,0,0,3.32,0.02,0,0,NA,NA,NA,NA,NA,NA,NA,NA,NA,NA,NA,0,0,0,0,0,0,0,0,0,0,0,NA,NA,NA,NA,NA,NA,NA,NA,NA,NA,NA,683.772942831487
2020-08-27,197655,1800073,"AI, KP",9,661765.450698328,6039489.95999891,McInnes Creek,Highway 16,NA,MoTi highway,Round Culvert,0.9,25,No,NA,No,Yes,100,2,0,0.7,No,0,1,0,No,No,Deep Fill,Low,1.1,3,10,0,0,3,16,Potential,Replace Structure with Streambed Simulation CBS,3,Small ditch likely modified due to adjacent agriculture.  Culvert fully passabel at the time of the survey because backwatered 100%.  Grasses around inlet and outlet make locating the culvert challenging.,pscis_phase1.xlsm,"c(967466.207039512, 1052992.00327471)",1800073,189950,16,highway,Hwy 16 E,paved,NA,NA,NA,NA,NA,NA,NA,NA,NA,NA,NA,NA,NA,NA,NA,NA,NA,NA,NA,NA,NA,NA,NA,NA,NA,1800073,0101000020BD0B0000189F006A54862D411D74CE0040113041,MoTi,093L.114,NA,MoTi highway,37,3302,NA,NA,MODELLED_CROSSINGS,CBS,NA,POTENTIAL,17084574,360715988,1032.3981262911252,400.431358.703254,400.431358.703254.048478,BULK,0101000020BD0B0000F96EFF6954862D41568ED10040113041,"{3392,7021}",NA,NA,3,10,0.0192,833.9286,15.84,15.25,0,4.33,0.56,0.65,3.39,4.64,5.59,0.5,0.5,0.15,0.14,0,0,0,0.14,0,0,0,0,0,0,0,0,0,0,0,0,0,0,0,0,0,0,0,0,0,0,0,0,0,0,0,15.15,14.56,0,4.33,0.56,0.65,3.39,4.64,5.59,0.31,0,0.14,0.14,0,0,NA,0.14,0,0,0,0,0,0,0,0,0,0,0,0,0,0,0,0,0,0,0,0,NA,0,0,0,0,0,0,7.81631336955501e-5
2020-08-27,197656,1800071,"AI, KP",9,663216,6042012,Tributary to Bulkley River,Highway 16,NA,MoTi highway,Round Culvert,0.8,25,No,NA,No,Yes,100,1.8,0,0.5,Yes,0,5,0,Yes,No,Deep Fill,Low,6.2,3,10,0,0,6,19,Potential,Replace with New Open Bottom Structure,10,Possible value for coho rearing.  Downstream CNRail crossing could not be located at time of assessment.  Tire at inlet.,pscis_phase1.xlsm,"c(969018.760766232, 1055457.00609858)",1800071,189946,16,highway,Hwy 16 E,paved,NA,NA,NA,NA,NA,NA,NA,NA,NA,NA,NA,NA,NA,NA,NA,NA,NA,NA,NA,NA,NA,NA,NA,NA,NA,1800071,0101000020BD0B000063A324D4EB922D41E51275C5511B3041,MoTi,093L.114,NA,Unknown,38,3300,NA,NA,MODELLED_CROSSINGS,CBS,NA,POTENTIAL,17078856,360747751,104.65082588867729,400.431358.725554,400.431358.725554,BULK,0101000020BD0B00007B8908D4EB922D41CF387AC5511B3041,{7026},NA,NA,4,12,0,1096.346,21.09,20.78,0,0.66,0.31,4.39,1.08,9.07,5.44,0.7,0,2.95,2.95,0,0,0,2.73,0.23,0,0,0,0,0,0,0,0,0,0,0,0,0,0,0,0,0,0,0,0,0,0,0,0,0,0,7.16,7.16,0,0,0,2.72,0.23,2.32,1.57,0.32,0,2.95,2.95,0,0,NA,2.72,0.23,0,0.01,0,0,0,0,0,0,0,0,0,0,0,0,0,0,0,0,0,NA,0,0,0,0,0,0,127.33865286765628
2020-08-27,197657,1800064,"AI, KP",9,665609.022094304,6044134.8838069,Perow Creek,Highway 16,NA,MoTi highway,Round Culvert,2.5,14,No,NA,Yes,No,NA,1,0,0.2,No,2.5,3.2,1.5,No,No,Deep Fill,High,1.3,0,10,0,5,3,18,Potential,Replace with New Open Bottom Structure,10,Culvert is likely as passable as natural channel for all species and life stages at most flows.,pscis_phase1.xlsm,"c(971493.455564208, 1057481.831104)",1800064,189915,16,highway,Hwy 16 E,paved,NA,NA,NA,NA,NA,NA,NA,NA,NA,NA,NA,NA,NA,NA,NA,NA,NA,NA,NA,NA,NA,NA,NA,NA,NA,1800064,0101000020BD0B000090413FE9CAA52D41E612BBD4C9223041,MoTi,093L.114,NA,MoTi highway,39,3294,NA,NA,MODELLED_CROSSINGS,CBS,NA,POTENTIAL,17075668,360295072,66.86494323752866,400.431358.737582.024023.003961,400.431358.737582.024023.003961,BULK,0101000020BD0B0000AFB73AE9CAA52D4139968ED4C9223041,NA,NA,NA,1,1,0.0053,NA,0.19,0.19,NA,NA,0,0.19,0,0,0,0,0,NA,NA,NA,NA,NA,NA,NA,NA,NA,NA,NA,0,0,NA,NA,0,0,0,0,0,0,0,NA,NA,NA,NA,NA,NA,NA,NA,NA,NA,NA,0.19,0.19,NA,NA,0,0.19,0,0,0,0,0,NA,NA,NA,NA,NA,NA,NA,NA,NA,NA,NA,0,0,NA,NA,0,0,0,0,0,0,0,NA,NA,NA,NA,NA,NA,NA,NA,NA,NA,NA,8.042059549908114e-4
2020-08-27,197658,1800062,"AI, KP",9,666847.204800561,6044305.15083155,Byman Creek,Highway 16,NA,MoTi highway,Oval Culvert,4,24,No,NA,No,No,NA,1.6,2,3.8,Yes,4,11.1,1.2,No,Yes,Deep Fill,High,2.8,3,10,10,10,6,39,Barrier,Replace with New Open Bottom Structure,22,Culvert is likely as passable for most species and life stages at most non-peak and non-lowest flows. Streamkeepers have observed fry moving through culvert in overwintering studies.,pscis_phase1.xlsm,"c(972734.433525173, 1057599.57514752)",1800062,189908,16,highway,Hwy 16 E,paved,NA,NA,NA,NA,NA,NA,NA,NA,NA,NA,NA,NA,NA,NA,NA,NA,NA,NA,NA,NA,NA,NA,NA,NA,NA,1800062,0101000020BD0B0000A88EF6DD7CAF2D41E9B534933F233041,MoTi,093L.114,NA,MoTi highway,40,3292,NA,NA,MODELLED_CROSSINGS,CBS,NA,POTENTIAL,17075524,360856488,1427.5362626047156,400.431358.737582.024023,400.431358.737582.024023.014601,BULK,0101000020BD0B0000FEFCD0DD7CAF2D4132AA23933F233041,NA,"{CH,CO,RB,SST,ST}","{CO,CSU,LNC,LSU,RB,RSC,ST}",5,155,0.0137,8993.109,199.18,162.28,0,357.14,33.54,36.54,24.95,48.67,40.26,11.24,1.97,146.22,115.85,0,277.78,27.54,29.73,18.36,31.63,27.61,8.52,1.49,0,0,0,0,0,0,0,0,0,0,0,0,0,0,0,0,0,0,0,0,0,0,178.46,142.97,0,350.23,32.49,36.53,24,46.44,34.5,4.04,0.02,131.67,102.18,0,275.18,NA,29.74,18.22,30.15,23.81,2.46,0,0,0,0,0,0,0,0,0,0,0,0,0,0,0,0,NA,0,0,0,0,0,0,4.817138483615907e-4
2020-08-27,197658,1800062,"AI, KP",9,666847.204800561,6044305.15083155,Byman Creek,Highway 16,NA,MoTI,Oval Culvert,4,24,No,NA,No,No,NA,1.6,2,3.8,Yes,4,11.1,1.2,No,Yes,Deep Fill,High,2.8,3,10,10,10,6,39,Barrier,Replace with New Open Bottom Structure,22.2,Culvert is likely as passable for most species and life stages at most non-peak and non-lowest flows. Streamkeepers have observed fry moving through culvert in overwintering studies.,pscis_phase2.xlsm,"c(972734.433525173, 1057599.57514752)",1800062,189908,16,highway,Hwy 16 E,paved,NA,NA,NA,NA,NA,NA,NA,NA,NA,NA,NA,NA,NA,NA,NA,NA,NA,NA,NA,NA,NA,NA,NA,NA,NA,1800062,0101000020BD0B0000A88EF6DD7CAF2D41E9B534933F233041,MoTi,093L.114,NA,MoTi highway,40,3292,NA,NA,MODELLED_CROSSINGS,CBS,NA,POTENTIAL,17075524,360856488,1427.5362626047156,400.431358.737582.024023,400.431358.737582.024023.014601,BULK,0101000020BD0B0000FEFCD0DD7CAF2D4132AA23933F233041,NA,"{CH,CO,RB,SST,ST}","{CO,CSU,LNC,LSU,RB,RSC,ST}",5,155,0.0137,8993.109,199.18,162.28,0,357.14,33.54,36.54,24.95,48.67,40.26,11.24,1.97,146.22,115.85,0,277.78,27.54,29.73,18.36,31.63,27.61,8.52,1.49,0,0,0,0,0,0,0,0,0,0,0,0,0,0,0,0,0,0,0,0,0,0,178.46,142.97,0,350.23,32.49,36.53,24,46.44,34.5,4.04,0.02,131.67,102.18,0,275.18,NA,29.74,18.22,30.15,23.81,2.46,0,0,0,0,0,0,0,0,0,0,0,0,0,0,0,0,NA,0,0,0,0,0,0,4.817138483615907e-4
2020-08-27,197659,1800066,"AI, KP",9,665586.394087026,6043992.78268894,Perow Creek,CN Railway,NA,Canadian National,Concrete Box,3.2,8,Yes,1,Yes,No,NA,0,0,0,No,0,3.2,2,No,No,Deep Fill,High,1,0,0,0,0,3,3,Passable,NA,NA,Appears passable. No concerns.,pscis_phase1.xlsm,"c(971464.867496647, 1057340.4249349)",1800066,189916,NA,local,Perow Station Rd,loose,NA,NA,NA,NA,NA,NA,NA,NA,NA,NA,NA,NA,NA,NA,NA,NA,NA,NA,NA,NA,NA,NA,NA,NA,NA,1800066,0101000020BD0B0000881028BC91A52D413960C06C3C223041,MoTi,093L.114,NA,MoTi local,NA,NA,NA,NA,NA,NA,NA,NA,NA,NA,NA,NA,NA,NA,NA,NA,NA,NA,NA,NA,NA,NA,NA,NA,NA,NA,NA,NA,NA,NA,NA,NA,NA,NA,NA,NA,NA,NA,NA,NA,NA,NA,NA,NA,NA,NA,NA,NA,NA,NA,NA,NA,NA,NA,NA,NA,NA,NA,NA,NA,NA,NA,NA,NA,NA,NA,NA,NA,NA,NA,NA,NA,NA,NA,NA,NA,NA,NA,NA,NA,NA,NA,NA,NA,NA,NA,NA,NA,NA,NA,NA,NA,NA,NA,NA,NA,NA,NA,NA,NA,NA,NA,NA,NA,NA,NA,NA,NA,NA,NA,NA
2020-08-27,197660,1805595,"AI, KP",9,665623.56530409,6044045.25640133,Byman Creek,CN Railway,NA,Canadian National,Bridge,5,18,NA,NA,NA,NA,NA,NA,NA,NA,NA,NA,NA,NA,No,No,NA,NA,0,3,0,0,0,0,3,Passable,NA,NA,Appears passable. No concerns.,pscis_phase1.xlsm,"c(971504.136240192, 1057391.41221902)",1805595,NA,NA,NA,NA,NA,NA,NA,NA,NA,NA,NA,NA,NA,NA,NA,NA,NA,NA,NA,NA,df353b2fea79463689352023dc7f0465,None,Main,Freight and Passenger,Standard,Operational,Canadian National,Canadian National,NA,NA,1805595,0101000020BD0B00008FD1C045E0A52D415C077F696F223041,MoTi,093L.114,NA,Canadian National,NA,NA,NA,NA,NA,NA,NA,NA,NA,NA,NA,NA,NA,NA,NA,NA,NA,NA,NA,NA,NA,NA,NA,NA,NA,NA,NA,NA,NA,NA,NA,NA,NA,NA,NA,NA,NA,NA,NA,NA,NA,NA,NA,NA,NA,NA,NA,NA,NA,NA,NA,NA,NA,NA,NA,NA,NA,NA,NA,NA,NA,NA,NA,NA,NA,NA,NA,NA,NA,NA,NA,NA,NA,NA,NA,NA,NA,NA,NA,NA,NA,NA,NA,NA,NA,NA,NA,NA,NA,NA,NA,NA,NA,NA,NA,NA,NA,NA,NA,NA,NA,NA,NA,NA,NA,NA,NA,NA,NA,NA,NA
2020-08-27,197661,2020082701,"KP, AI",9,665574,6043989,Perow Creek,Perow Station Rd,NA,MoTi local,Bridge,4,10,NA,NA,NA,NA,NA,NA,NA,NA,NA,NA,NA,NA,No,No,NA,NA,0,0,0,0,0,0,0,Passable,NA,NA,Private bridge approximately 30 upstrea of confulence with Byman Creek.,pscis_phase1.xlsm,"c(971452.357041544, 1057337.16399965)",2020082701,189916,NA,local,Perow Station Rd,loose,NA,NA,NA,NA,NA,NA,NA,NA,NA,NA,NA,NA,NA,NA,NA,NA,NA,NA,NA,NA,NA,NA,NA,NA,NA,1800066,0101000020BD0B0000881028BC91A52D413960C06C3C223041,MoTi,093L.114,NA,MoTi local,NA,NA,NA,NA,NA,NA,NA,NA,NA,NA,NA,NA,NA,NA,NA,NA,NA,NA,NA,NA,NA,NA,NA,NA,NA,NA,NA,NA,NA,NA,NA,NA,NA,NA,NA,NA,NA,NA,NA,NA,NA,NA,NA,NA,NA,NA,NA,NA,NA,NA,NA,NA,NA,NA,NA,NA,NA,NA,NA,NA,NA,NA,NA,NA,NA,NA,NA,NA,NA,NA,NA,NA,NA,NA,NA,NA,NA,NA,NA,NA,NA,NA,NA,NA,NA,NA,NA,NA,NA,NA,NA,NA,NA,NA,NA,NA,NA,NA,NA,NA,NA,NA,NA,NA,NA,NA,NA,NA,NA,NA,NA
2020-08-28,197662,1800060,"KP, AI",9,672404.701407138,6044146.31063178,Richfield Creek,Highway 16,NA,MoTi highway,Round Culvert,4.2,24,No,NA,No,No,NA,1,0.2,1,No,2,12.5,1.5,No,Yes,Deep Fill,High,3,3,10,5,5,6,29,Barrier,Replace with New Open Bottom Structure,25,Habitat confirmation and minnowtrapping completed.,pscis_phase1.xlsm,"c(978265.154778266, 1057203.19036736)",1800060,189906,16,highway,Hwy 16 E,paved,NA,NA,NA,NA,NA,NA,NA,NA,NA,NA,NA,NA,NA,NA,NA,NA,NA,NA,NA,NA,NA,NA,NA,NA,NA,1800060,0101000020BD0B00009EA63E4FB2DA2D41E4C1B330B3213041,MoTi,093L.115,NA,MoTi highway,45,3290,NA,NA,MODELLED_CROSSINGS,CBS,NA,POTENTIAL,17077509,360788426,1203.8542059512015,400.431358.773280,400.431358.773280,BULK,0101000020BD0B0000237C3B4FB2DA2D41B3EEB030B3213041,NA,"{CH,CO,CT,DV,RB,SST,ST,TR}","{CH,CO,LKC,LNC,LSU,RB,SST,ST}",5,220,0.0118,16126.3149,346.68,281.78,0,753.32,58.65,89.28,77.04,73.15,28.71,8.64,3.74,197.99,147.12,0,578.26,45.73,50.19,33.84,38.01,16.52,5.35,2.12,0,0,0,0,0,0,0,0,0,0,0,0,0,0,0,0,0,0,0,0,0,0,289.39,227.34,0,726.82,57.65,86.47,69.64,56.9,16.56,1.33,0,174.67,125.9,0,561.31,NA,50.17,33.63,33.25,10.72,1.03,0,0,0,0,0,0,0,0,0,0,0,0,0,0,0,0,NA,0,0,0,0,0,0,1.698312798134484e-4
2020-08-28,197662,1800060,"KP, AI",9,672404.701407138,6044146.31063178,Richfield Creek,Highway 16,NA,MoTI,Round Culvert,4.2,24,No,NA,No,No,NA,1,0.2,1,No,2,12.5,1.5,No,Yes,Deep Fill,High,3,3,10,5,5,6,29,Barrier,Replace with New Open Bottom Structure,25,Habitat confirmation and minnowtrapping completed.,pscis_phase2.xlsm,"c(978265.154778266, 1057203.19036736)",1800060,189906,16,highway,Hwy 16 E,paved,NA,NA,NA,NA,NA,NA,NA,NA,NA,NA,NA,NA,NA,NA,NA,NA,NA,NA,NA,NA,NA,NA,NA,NA,NA,1800060,0101000020BD0B00009EA63E4FB2DA2D41E4C1B330B3213041,MoTi,093L.115,NA,MoTi highway,45,3290,NA,NA,MODELLED_CROSSINGS,CBS,NA,POTENTIAL,17077509,360788426,1203.8542059512015,400.431358.773280,400.431358.773280,BULK,0101000020BD0B0000237C3B4FB2DA2D41B3EEB030B3213041,NA,"{CH,CO,CT,DV,RB,SST,ST,TR}","{CH,CO,LKC,LNC,LSU,RB,SST,ST}",5,220,0.0118,16126.3149,346.68,281.78,0,753.32,58.65,89.28,77.04,73.15,28.71,8.64,3.74,197.99,147.12,0,578.26,45.73,50.19,33.84,38.01,16.52,5.35,2.12,0,0,0,0,0,0,0,0,0,0,0,0,0,0,0,0,0,0,0,0,0,0,289.39,227.34,0,726.82,57.65,86.47,69.64,56.9,16.56,1.33,0,174.67,125.9,0,561.31,NA,50.17,33.63,33.25,10.72,1.03,0,0,0,0,0,0,0,0,0,0,0,0,0,0,0,0,NA,0,0,0,0,0,0,1.698312798134484e-4
2020-08-28,197663,1800213,"KP, AI",9,670240.817805527,6044772.32944654,Johnny David Creek,Highway 16,NA,MoTi highway,Round Culvert,1.75,25,No,NA,No,No,NA,3,0,1.35,Yes,2,6.3,5.5,No,Yes,Deep Fill,High,3.6,3,10,0,5,6,24,Barrier,Replace with New Open Bottom Structure,12.6,Habitat confirmation and sampling completed.,pscis_phase1.xlsm,"c(976135.697596763, 1057922.77196621)",1800213,346847,16,highway,Hwy 16 E,paved,NA,NA,NA,NA,NA,NA,NA,NA,NA,NA,NA,NA,NA,NA,NA,NA,NA,NA,NA,NA,NA,NA,NA,NA,NA,1800213,0101000020BD0B00002DF42A650FCA2D41706B97C582243041,MoTi,093L.115,NA,MoTi highway,47,3388,NA,NA,MODELLED_CROSSINGS,CBS,NA,POTENTIAL,17075072,360866287,1027.5992145439777,400.431358.763808,400.431358.763808,BULK,0101000020BD0B0000E66618650FCA2D414D1D7EC582243041,NA,"{CH,CO,CT,DV,RB,ST}",{RB},4,58,0.0269,4351.6778,88.49,81.51,0,90.8,6.98,34.64,28.62,13.5,3.21,1.42,0,5.08,5.09,0,0,0,2.21,2.03,0.75,0.1,0,0,0,0,0,0,0,0,0,0,0,0,0,0,0,0,0,0,0,0,0,0,0,0,85.39,78.4,0,90.8,6.98,34.64,28.62,11.82,2.75,0.58,0,5.09,5.08,0,0,NA,2.21,2.03,0.75,0.1,0,0,0,0,0,0,0,0,0,0,0,0,0,0,0,0,0,NA,0,0,0,0,0,0,5.307859241479659e-4
2020-08-28,197663,1800213,"KP, AI",9,670240.817805527,6044772.32944654,Johnny David Creek,Highway 16,NA,MoTI,Round Culvert,1.75,25,No,NA,No,No,NA,3,0,1.35,Yes,2,6.3,5.5,No,Yes,Deep Fill,High,3.6,3,10,0,5,6,24,Barrier,Replace with New Open Bottom Structure,12.6,Habitat confirmation and sampling completed.,pscis_phase2.xlsm,"c(976135.697596763, 1057922.77196621)",1800213,346847,16,highway,Hwy 16 E,paved,NA,NA,NA,NA,NA,NA,NA,NA,NA,NA,NA,NA,NA,NA,NA,NA,NA,NA,NA,NA,NA,NA,NA,NA,NA,1800213,0101000020BD0B00002DF42A650FCA2D41706B97C582243041,MoTi,093L.115,NA,MoTi highway,47,3388,NA,NA,MODELLED_CROSSINGS,CBS,NA,POTENTIAL,17075072,360866287,1027.5992145439777,400.431358.763808,400.431358.763808,BULK,0101000020BD0B0000E66618650FCA2D414D1D7EC582243041,NA,"{CH,CO,CT,DV,RB,ST}",{RB},4,58,0.0269,4351.6778,88.49,81.51,0,90.8,6.98,34.64,28.62,13.5,3.21,1.42,0,5.08,5.09,0,0,0,2.21,2.03,0.75,0.1,0,0,0,0,0,0,0,0,0,0,0,0,0,0,0,0,0,0,0,0,0,0,0,0,85.39,78.4,0,90.8,6.98,34.64,28.62,11.82,2.75,0.58,0,5.09,5.08,0,0,NA,2.21,2.03,0.75,0.1,0,0,0,0,0,0,0,0,0,0,0,0,0,0,0,0,0,NA,0,0,0,0,0,0,5.307859241479659e-4
2020-08-28,197664,1801069,"KP, AI",9,660454.320605913,6037919.07396583,Barren Creek,Highway 16,NA,MoTi highway,Round Culvert,2.5,15,Yes,1.9,Yes,No,NA,1,0,0,No,2,4.7,1.8,Yes,No,Deep Fill,High,1.9,3,0,0,5,6,14,Passable,NA,NA,Habitat confirmation completed.,pscis_phase1.xlsm,"c(966093.003590654, 1051474.00815115)",1801069,189955,16,highway,Hwy 16 E,paved,NA,NA,NA,NA,NA,NA,NA,NA,NA,NA,NA,NA,NA,NA,NA,NA,NA,NA,NA,NA,NA,NA,NA,NA,NA,1800076,0101000020BD0B0000D22BD6019A7B2D4122090E02520B3041,MoTi,093L.114,NA,MoTi highway,NA,NA,NA,NA,NA,NA,NA,NA,NA,NA,NA,NA,NA,NA,NA,NA,NA,NA,NA,NA,NA,NA,NA,NA,NA,NA,NA,NA,NA,NA,NA,NA,NA,NA,NA,NA,NA,NA,NA,NA,NA,NA,NA,NA,NA,NA,NA,NA,NA,NA,NA,NA,NA,NA,NA,NA,NA,NA,NA,NA,NA,NA,NA,NA,NA,NA,NA,NA,NA,NA,NA,NA,NA,NA,NA,NA,NA,NA,NA,NA,NA,NA,NA,NA,NA,NA,NA,NA,NA,NA,NA,NA,NA,NA,NA,NA,NA,NA,NA,NA,NA,NA,NA,NA,NA,NA,NA,NA,NA,NA,NA
2020-08-28,197664,1801069,"KP, AI",9,660454.320605913,6037919.07396583,Barren Creek,Highway 16,NA,MoTI,Round Culvert,2.5,15,Yes,1.9,Yes,No,NA,1,0,0,No,2,4.7,1.8,Yes,No,Deep Fill,High,1.9,3,0,0,5,6,14,Passable,NA,NA,Targeted for habitat confirmation due to aggradation and dredging associated impacts on coho.,pscis_phase2.xlsm,"c(966093.003590654, 1051474.00815115)",1801069,189955,16,highway,Hwy 16 E,paved,NA,NA,NA,NA,NA,NA,NA,NA,NA,NA,NA,NA,NA,NA,NA,NA,NA,NA,NA,NA,NA,NA,NA,NA,NA,1800076,0101000020BD0B0000D22BD6019A7B2D4122090E02520B3041,MoTi,093L.114,NA,MoTi highway,NA,NA,NA,NA,NA,NA,NA,NA,NA,NA,NA,NA,NA,NA,NA,NA,NA,NA,NA,NA,NA,NA,NA,NA,NA,NA,NA,NA,NA,NA,NA,NA,NA,NA,NA,NA,NA,NA,NA,NA,NA,NA,NA,NA,NA,NA,NA,NA,NA,NA,NA,NA,NA,NA,NA,NA,NA,NA,NA,NA,NA,NA,NA,NA,NA,NA,NA,NA,NA,NA,NA,NA,NA,NA,NA,NA,NA,NA,NA,NA,NA,NA,NA,NA,NA,NA,NA,NA,NA,NA,NA,NA,NA,NA,NA,NA,NA,NA,NA,NA,NA,NA,NA,NA,NA,NA,NA,NA,NA,NA,NA
2020-08-28,197665,1800076,"AI, KP",9,660627,6037843,Barren Creek,CN Railway,NA,Canadian National,Round Culvert,0.9,25,Yes,0.3,Yes,Yes,10,2,0,0.4,No,1,3.5,3,No,No,Deep Fill,High,3.9,3,0,0,5,6,14,Passable,NA,NA,Date on structure is 1934.  Two pipes presetn but only one of two pipes functional at time of survey.  Functonal pipe is apparently collapsing.  Oxidized ooze at outlet of eastern dewatered pipe.,pscis_phase1.xlsm,"c(966261.835024505, 1051390.42412536)",1800076,189955,16,highway,Hwy 16 E,paved,NA,NA,NA,NA,NA,NA,NA,NA,NA,NA,NA,NA,NA,NA,NA,NA,NA,NA,NA,NA,NA,NA,NA,NA,NA,1800076,0101000020BD0B0000D22BD6019A7B2D4122090E02520B3041,MoTi,093L.114,NA,Unknown,NA,NA,NA,NA,NA,NA,NA,NA,NA,NA,NA,NA,NA,NA,NA,NA,NA,NA,NA,NA,NA,NA,NA,NA,NA,NA,NA,NA,NA,NA,NA,NA,NA,NA,NA,NA,NA,NA,NA,NA,NA,NA,NA,NA,NA,NA,NA,NA,NA,NA,NA,NA,NA,NA,NA,NA,NA,NA,NA,NA,NA,NA,NA,NA,NA,NA,NA,NA,NA,NA,NA,NA,NA,NA,NA,NA,NA,NA,NA,NA,NA,NA,NA,NA,NA,NA,NA,NA,NA,NA,NA,NA,NA,NA,NA,NA,NA,NA,NA,NA,NA,NA,NA,NA,NA,NA,NA,NA,NA,NA,NA
2020-08-28,197665,1800076,"AI, KP",9,660627,6037843,Barren Creek,CN Railway,NA,CN Rail,Round Culvert,0.9,25,Yes,0.3,Yes,Yes,10,2,0,0.4,No,1,3.5,3,No,No,Deep Fill,High,3.9,3,0,0,5,6,14,Passable,NA,NA,Targeted for habitat confirmation due to upstream aggradation and dredging associated impacts on coho,pscis_phase2.xlsm,"c(966261.835024505, 1051390.42412536)",1800076,189955,16,highway,Hwy 16 E,paved,NA,NA,NA,NA,NA,NA,NA,NA,NA,NA,NA,NA,NA,NA,NA,NA,NA,NA,NA,NA,NA,NA,NA,NA,NA,1800076,0101000020BD0B0000D22BD6019A7B2D4122090E02520B3041,MoTi,093L.114,NA,Unknown,NA,NA,NA,NA,NA,NA,NA,NA,NA,NA,NA,NA,NA,NA,NA,NA,NA,NA,NA,NA,NA,NA,NA,NA,NA,NA,NA,NA,NA,NA,NA,NA,NA,NA,NA,NA,NA,NA,NA,NA,NA,NA,NA,NA,NA,NA,NA,NA,NA,NA,NA,NA,NA,NA,NA,NA,NA,NA,NA,NA,NA,NA,NA,NA,NA,NA,NA,NA,NA,NA,NA,NA,NA,NA,NA,NA,NA,NA,NA,NA,NA,NA,NA,NA,NA,NA,NA,NA,NA,NA,NA,NA,NA,NA,NA,NA,NA,NA,NA,NA,NA,NA,NA,NA,NA,NA,NA,NA,NA,NA,NA
2020-08-29,197666,2020083101,"AI, KP",9,628108,6059632,Helps Creek,CN Railway,NA,Canadian National,Round Culvert,2,22,Yes,0.15,Yes,Yes,100,1,0,0.3,No,0,6,0,Yes,No,Deep Fill,High,3,3,5,0,0,6,14,Passable,NA,NA,Passable and fully backwatered structure.  Landowner reports that lamprey (~40cm x 20) at crossing inside of the culvert in the past.,pscis_phase1.xlsm,"c(934783.486674322, 1074609.41349411)",2020083101,347112,16,highway,Hwy 16 E,paved,NA,NA,NA,NA,NA,NA,NA,NA,NA,NA,NA,NA,NA,NA,NA,NA,NA,NA,NA,NA,NA,NA,NA,NA,NA,1800275,0101000020BD0B000022A60EFDB6862C411589F1B640693041,MoTi,093L.118,NA,Unknown,5,1067,58158,NA,ASSESSED,ROUND,Highway 16,BARRIER,17048346,360685108,587,400.431358.427289,400.431358.427289,BULK,0101000020BD0B000063FBE943BF862C41FFE5332043693041,{1068},"{CO,RB}","{CO,RB}",3,10,0.0416,1590.9526,23.5,19.73,0,18.27,3.77,5.31,7.64,3.49,2.67,0.33,0.29,0.29,0.29,0,0,0,0,0.3,0,0,0,0,0,0,0,0,0,0,0,0,0,0,0,0,0,0,0,0,0,0,0,0,0,0,9.9,9.58,0,0,0.32,3.14,3.3,1.93,0.87,0.33,0,0.3,0.3,0,0,NA,0,0.3,0,0,0,0,0,0,0,0,0,0,0,0,0,0,0,0,0,0,0,NA,0,0,0,0,0,0,15.447576640708112
2020-08-31,197667,1805606,"KP, AI",9,631091.975194724,6055866.47529421,Moan Creek,CN Railway,NA,Canadian National,Round Culvert,2.5,17,No,NA,No,No,NA,0.8,0.58,0.57,No,4,3.8,4.5,No,No,Deep Fill,High,1.5,3,10,10,10,6,39,Barrier,Replace with New Open Bottom Structure,10,Approximately 17m from the outlet to the Bulkley River.,pscis_phase1.xlsm,"c(937596.909104517, 1070709.00511238)",1805606,NA,NA,NA,NA,NA,NA,NA,NA,NA,NA,NA,NA,NA,NA,NA,NA,NA,NA,NA,NA,fbb117d0bc894b98b42ae92822a48c24,None,Main,Freight and Passenger,Standard,Operational,Canadian National,Canadian National,NA,NA,1805606,0101000020BD0B000055A475D1F99C2C41DEE2460175563041,MoTi,093L.118,NA,Canadian National,54,7035,NA,NA,MODELLED_CROSSINGS,CBS,NA,POTENTIAL,17054505,360884501,75.41435857829524,400.431358.450642,400.431358.450642,BULK,0101000020BD0B00003105AED1F99C2C412A27510175563041,NA,NA,"{CT,DV,RB}",3,10,0.0424,1488.6874,22.91,21.71,0,15.16,1.1,1.01,2.61,7.83,8.89,0.26,0.13,0.46,0.47,0,0,0,0,0.46,0,0,0,0,0,0,0,0,0,0,0,0,0,0,0,0,0,0,0,0,0,0,0,0,0,0,9.68,9.68,0,0,0,0.64,2.39,4.6,1.88,0.17,0,0.46,0.46,0,0,NA,0,0.46,0,0,0,0,0,0,0,0,0,0,0,0,0,0,0,0,0,0,0,NA,0,0,0,0,0,0,4.2748961843424503e-4
2020-08-31,197667,1805606,"KP, AI",9,631091.975194724,6055866.47529421,Moan Creek,CN Railway,NA,CN Rail,Round Culvert,2.5,17,No,NA,No,No,NA,0.8,0.58,0.57,No,4,3.8,4.5,No,No,Deep Fill,High,1.5,3,10,10,10,6,39,Barrier,Replace with New Open Bottom Structure,10,Approximately 17m from the outlet to the Bulkley River.,pscis_phase2.xlsm,"c(937596.909104517, 1070709.00511238)",1805606,NA,NA,NA,NA,NA,NA,NA,NA,NA,NA,NA,NA,NA,NA,NA,NA,NA,NA,NA,NA,fbb117d0bc894b98b42ae92822a48c24,None,Main,Freight and Passenger,Standard,Operational,Canadian National,Canadian National,NA,NA,1805606,0101000020BD0B000055A475D1F99C2C41DEE2460175563041,MoTi,093L.118,NA,Canadian National,54,7035,NA,NA,MODELLED_CROSSINGS,CBS,NA,POTENTIAL,17054505,360884501,75.41435857829524,400.431358.450642,400.431358.450642,BULK,0101000020BD0B00003105AED1F99C2C412A27510175563041,NA,NA,"{CT,DV,RB}",3,10,0.0424,1488.6874,22.91,21.71,0,15.16,1.1,1.01,2.61,7.83,8.89,0.26,0.13,0.46,0.47,0,0,0,0,0.46,0,0,0,0,0,0,0,0,0,0,0,0,0,0,0,0,0,0,0,0,0,0,0,0,0,0,9.68,9.68,0,0,0,0.64,2.39,4.6,1.88,0.17,0,0.46,0.46,0,0,NA,0,0.46,0,0,0,0,0,0,0,0,0,0,0,0,0,0,0,0,0,0,0,NA,0,0,0,0,0,0,4.2748961843424503e-4
2020-08-31,197668,1805608,"KP, AI",9,634336,6054609,Coffin Creek,CN Railway,NA,Canadian National,Round Culvert,3,15,No,NA,No,No,NA,0.8,0.27,0.47,No,2,5.3,2,No,No,Deep Fill,High,1.8,3,10,5,5,6,29,Barrier,Replace with New Open Bottom Structure,10.6,CN crossing has had Newbury riffles constructed to decrease the size of the outlet drop but drop still present. Abundant gravels suitable for spawning chinook and coho present. Some deep pools available for fry/parr overwintering.,pscis_phase1.xlsm,"c(940776.192661414, 1069310.66681726)",1805608,NA,NA,NA,NA,NA,NA,NA,NA,NA,NA,NA,NA,NA,NA,NA,NA,NA,NA,NA,NA,fbb117d0bc894b98b42ae92822a48c24,None,Main,Freight and Passenger,Standard,Operational,Canadian National,Canadian National,NA,NA,1805608,0101000020BD0B00007A4E442FE4B52C412E994F3302513041,MoTi,093L.118,NA,Canadian National,56,7037,NA,NA,MODELLED_CROSSINGS,CBS,NA,POTENTIAL,17059489,360884015,300.60145356374755,400.431358.464077,400.431358.464077,BULK,0101000020BD0B00002E3B152FE4B52C416E60223302513041,NA,NA,"{CO,CSU,CT,DV,LKC,LSU,MW,RB,RSC}",5,73,0.0119,4521.6705,109.63,101.51,0,133.31,7.83,16.36,11.3,17.69,28.77,12.43,6.74,0.03,0.03,0,0,0,0.03,0,0,0,0,0,0,0,0,0,0,0,0,0,0,0,0,0,0,0,0,0,0,0,0,0,0,0,38.12,32.03,0,116.12,5.92,11.34,4.27,8.16,6.68,1.76,0,0.04,0.04,0,0,NA,0.04,0,0,0,0,0,0,0,0,0,0,0,0,0,0,0,0,0,0,0,0,NA,0,0,0,0,0,0,10.510835183670999
2020-08-31,197668,1805608,"KP, AI",9,634336,6054609,Coffin Creek,CN Railway,NA,CN Rail,Round Culvert,3,15,No,NA,No,No,NA,0.8,0.27,0.47,No,2,5.3,2,No,No,Deep Fill,High,1.8,3,10,5,5,6,29,Barrier,Replace with New Open Bottom Structure,10,CN crossing has had Newbury riffles constructed to decrease the size of the outlet drop but drop still present. Abundant gravels suitable for spawning chinook and coho present. Some deep pools available for fry/parr overwintering.,pscis_phase2.xlsm,"c(940776.192661414, 1069310.66681726)",1805608,NA,NA,NA,NA,NA,NA,NA,NA,NA,NA,NA,NA,NA,NA,NA,NA,NA,NA,NA,NA,fbb117d0bc894b98b42ae92822a48c24,None,Main,Freight and Passenger,Standard,Operational,Canadian National,Canadian National,NA,NA,1805608,0101000020BD0B00007A4E442FE4B52C412E994F3302513041,MoTi,093L.118,NA,Canadian National,56,7037,NA,NA,MODELLED_CROSSINGS,CBS,NA,POTENTIAL,17059489,360884015,300.60145356374755,400.431358.464077,400.431358.464077,BULK,0101000020BD0B00002E3B152FE4B52C416E60223302513041,NA,NA,"{CO,CSU,CT,DV,LKC,LSU,MW,RB,RSC}",5,73,0.0119,4521.6705,109.63,101.51,0,133.31,7.83,16.36,11.3,17.69,28.77,12.43,6.74,0.03,0.03,0,0,0,0.03,0,0,0,0,0,0,0,0,0,0,0,0,0,0,0,0,0,0,0,0,0,0,0,0,0,0,0,38.12,32.03,0,116.12,5.92,11.34,4.27,8.16,6.68,1.76,0,0.04,0.04,0,0,NA,0.04,0,0,0,0,0,0,0,0,0,0,0,0,0,0,0,0,0,0,0,0,NA,0,0,0,0,0,0,10.510835183670999
2020-09-05,197669,14000079,"AI, KP",9,650567.010991321,5993273.97685731,Riddeck Creek,Private,NA,unclassified,Round Culvert,1.25,6,No,NA,No,No,NA,0.3,0.45,0.7,No,2,2.6,4,No,Yes,Deep Fill,High,2.1,0,10,10,5,6,31,Barrier,Replace with New Open Bottom Structure,10,Extensive rearing habitat and gravels suitable for spawning.  Stream eventually flows into top end of Owen Lake.,pscis_phase1.xlsm,"c(954347.374387007, 1007162.82800998)",14000079,454113,NA,unclassified,NA,rough,NA,NA,NA,NA,NA,NA,NA,NA,NA,NA,NA,NA,NA,NA,NA,NA,NA,NA,NA,NA,NA,NA,NA,NA,NA,14000079,0101000020BD0B0000532DAFBFD61F2D41759CE0A775BC2E41,MoTi,093L.104,NA,MoTi unclassified,NA,NA,NA,NA,NA,NA,NA,NA,NA,NA,NA,NA,NA,NA,NA,NA,NA,NA,NA,NA,NA,NA,NA,NA,NA,NA,NA,NA,NA,NA,NA,NA,NA,NA,NA,NA,NA,NA,NA,NA,NA,NA,NA,NA,NA,NA,NA,NA,NA,NA,NA,NA,NA,NA,NA,NA,NA,NA,NA,NA,NA,NA,NA,NA,NA,NA,NA,NA,NA,NA,NA,NA,NA,NA,NA,NA,NA,NA,NA,NA,NA,NA,NA,NA,NA,NA,NA,NA,NA,NA,NA,NA,NA,NA,NA,NA,NA,NA,NA,NA,NA,NA,NA,NA,NA,NA,NA,NA,NA,NA,NA
